Query,IsWarmup,Millis,PreMillis,JoinMillis,MatMillis,PostMillis,FilterMillis,IndexMillis,GroupByMillis,AggregateMillis,HavingMillis,OrderMillis,Tuples,Samples,Lookups,NrIndexEntries,nrUniqueLookups,NrPlans,JoinCard,AvgReward,MaxReward,TotalWork,DataSize,UctSize,StateSize,JoinSize
33c.sql,true,5520,575,153,34,1,39,536,0,1,0,0,0,26,0,0,0,0,114,0.0,0.0,0.0,0,0,0,0
33c.sql,true,119,74,43,2,0,22,52,0,0,0,0,0,18,0,0,0,0,114,0.0,0.0,0.0,0,0,0,0
33c.sql,true,100,69,29,2,0,23,46,0,0,0,0,0,7,0,0,0,0,114,0.0,0.0,0.0,0,0,0,0
33c.sql,true,219,71,146,1,1,23,48,0,1,0,0,0,54,0,0,0,0,114,0.0,0.0,0.0,0,0,0,0
33c.sql,true,94,72,20,2,0,21,51,0,0,0,0,0,14,0,0,0,0,114,0.0,0.0,0.0,0,0,0,0
33c.sql,false,88,67,19,1,0,20,47,0,0,0,0,0,81,0,0,0,0,114,0.0,0.0,0.0,0,0,0,0
33b.sql,true,98,83,13,2,0,45,38,0,0,0,0,0,5,0,0,0,0,4,0.0,0.0,0.0,0,0,0,0
33b.sql,true,62,47,13,1,0,12,35,0,0,0,0,0,4,0,0,0,0,4,0.0,0.0,0.0,0,0,0,0
33b.sql,true,57,48,8,1,0,12,36,0,0,0,0,0,2,0,0,0,0,4,0.0,0.0,0.0,0,0,0,0
33b.sql,true,57,46,10,1,0,11,35,0,0,0,0,0,3,0,0,0,0,4,0.0,0.0,0.0,0,0,0,0
33b.sql,true,58,47,10,0,0,12,35,0,0,0,0,0,3,0,0,0,0,4,0.0,0.0,0.0,0,0,0,0
33b.sql,false,57,47,10,0,0,11,36,0,0,0,0,0,2,0,0,0,0,4,0.0,0.0,0.0,0,0,0,0
33a.sql,true,68,59,8,0,0,19,40,0,0,0,0,0,2,0,0,0,0,8,0.0,0.0,0.0,0,0,0,0
33a.sql,true,79,61,17,1,0,19,42,0,0,0,0,0,6,0,0,0,0,8,0.0,0.0,0.0,0,0,0,0
33a.sql,true,67,59,8,0,0,18,41,0,0,0,0,0,29,0,0,0,0,8,0.0,0.0,0.0,0,0,0,0
33a.sql,true,72,61,10,1,0,19,42,0,0,0,0,0,3,0,0,0,0,8,0.0,0.0,0.0,0,0,0,0
33a.sql,true,77,56,19,2,0,17,39,0,0,0,0,0,8,0,0,0,0,8,0.0,0.0,0.0,0,0,0,0
33a.sql,false,71,60,9,1,0,19,41,0,0,0,0,0,5,0,0,0,0,8,0.0,0.0,0.0,0,0,0,0
32b.sql,true,24,1,12,9,2,1,0,0,2,0,0,0,54,0,0,0,0,4388,0.0,0.0,0.0,0,0,0,0
32b.sql,true,20,1,10,7,2,1,0,0,2,0,0,0,54,0,0,0,0,4388,0.0,0.0,0.0,0,0,0,0
32b.sql,true,19,1,9,8,1,1,0,0,1,0,0,0,54,0,0,0,0,4388,0.0,0.0,0.0,0,0,0,0
32b.sql,true,101,1,90,10,0,1,0,0,0,0,0,0,85,0,0,0,0,4388,0.0,0.0,0.0,0,0,0,0
32b.sql,true,54,1,36,16,1,1,0,0,1,0,0,0,12,0,0,0,0,4388,0.0,0.0,0.0,0,0,0,0
32b.sql,false,26,1,18,6,1,1,0,0,1,0,0,0,6,0,0,0,0,4388,0.0,0.0,0.0,0,0,0,0
32a.sql,true,2,1,1,0,0,1,0,0,0,0,0,0,0,0,0,0,0,0,0.0,0.0,0.0,0,0,0,0
32a.sql,true,1,1,0,0,0,0,1,0,0,0,0,0,0,0,0,0,0,0,0.0,0.0,0.0,0,0,0,0
32a.sql,true,1,1,0,0,0,0,1,0,0,0,0,0,0,0,0,0,0,0,0.0,0.0,0.0,0,0,0,0
32a.sql,true,2,0,0,1,0,0,0,0,0,0,0,0,0,0,0,0,0,0,0.0,0.0,0.0,0,0,0,0
32a.sql,true,2,1,0,1,0,1,0,0,0,0,0,0,0,0,0,0,0,0,0.0,0.0,0.0,0,0,0,0
32a.sql,false,1,0,0,1,0,0,0,0,0,0,0,0,0,0,0,0,0,0,0.0,0.0,0.0,0,0,0,0
31c.sql,true,609,183,420,6,0,88,95,0,0,0,0,0,718,0,0,0,0,2825,0.0,0.0,0.0,0,0,0,0
31c.sql,true,138,111,22,4,1,18,93,0,1,0,0,0,197,0,0,0,0,2825,0.0,0.0,0.0,0,0,0,0
31c.sql,true,138,125,8,4,1,27,98,0,1,0,0,0,91,0,0,0,0,2825,0.0,0.0,0.0,0,0,0,0
31c.sql,true,141,123,13,4,1,22,101,0,1,0,0,0,125,0,0,0,0,2825,0.0,0.0,0.0,0,0,0,0
31c.sql,true,135,125,7,3,0,24,101,0,0,0,0,0,65,0,0,0,0,2825,0.0,0.0,0.0,0,0,0,0
31c.sql,false,148,125,20,2,1,23,102,0,1,0,0,0,231,0,0,0,0,2825,0.0,0.0,0.0,0,0,0,0
31b.sql,true,220,217,3,0,0,115,102,0,0,0,0,0,5,0,0,0,0,84,0.0,0.0,0.0,0,0,0,0
31b.sql,true,215,211,3,1,0,112,99,0,0,0,0,0,6,0,0,0,0,84,0.0,0.0,0.0,0,0,0,0
31b.sql,true,221,218,2,1,0,120,98,0,0,0,0,0,6,0,0,0,0,84,0.0,0.0,0.0,0,0,0,0
31b.sql,true,218,215,3,0,0,116,99,0,0,0,0,0,6,0,0,0,0,84,0.0,0.0,0.0,0,0,0,0
31b.sql,true,217,213,3,1,0,112,101,0,0,0,0,0,7,0,0,0,0,84,0.0,0.0,0.0,0,0,0,0
31b.sql,false,214,210,2,2,0,115,95,0,0,0,0,0,5,0,0,0,0,84,0.0,0.0,0.0,0,0,0,0
31a.sql,true,136,126,9,1,0,30,96,0,0,0,0,0,81,0,0,0,0,1273,0.0,0.0,0.0,0,0,0,0
31a.sql,true,108,100,6,1,0,20,80,0,0,0,0,0,52,0,0,0,0,1273,0.0,0.0,0.0,0,0,0,0
31a.sql,true,132,123,7,1,0,27,96,0,0,0,0,0,57,0,0,0,0,1273,0.0,0.0,0.0,0,0,0,0
31a.sql,true,131,123,6,1,0,28,95,0,0,0,0,0,49,0,0,0,0,1273,0.0,0.0,0.0,0,0,0,0
31a.sql,true,131,123,6,1,0,28,95,0,0,0,0,0,51,0,0,0,0,1273,0.0,0.0,0.0,0,0,0,0
31a.sql,false,138,129,8,0,1,30,99,0,1,0,0,0,69,0,0,0,0,1273,0.0,0.0,0.0,0,0,0,0
30c.sql,true,182,125,53,3,0,24,101,0,0,0,0,0,1006,0,0,0,0,8024,0.0,0.0,0.0,0,0,0,0
30c.sql,true,150,106,40,2,1,20,86,0,1,0,0,0,348,0,0,0,0,8024,0.0,0.0,0.0,0,0,0,0
30c.sql,true,160,129,29,2,0,25,104,0,0,0,0,0,178,0,0,0,0,8024,0.0,0.0,0.0,0,0,0,0
30c.sql,true,167,125,39,3,0,24,101,0,0,0,0,0,402,0,0,0,0,8024,0.0,0.0,0.0,0,0,0,0
30c.sql,true,149,105,41,3,0,19,86,0,0,0,0,0,482,0,0,0,0,8024,0.0,0.0,0.0,0,0,0,0
30c.sql,false,145,107,36,2,0,19,88,0,0,0,0,0,305,0,0,0,0,8024,0.0,0.0,0.0,0,0,0,0
30b.sql,true,160,154,4,1,0,62,92,0,0,0,0,0,21,0,0,0,0,28,0.0,0.0,0.0,0,0,0,0
30b.sql,true,181,177,3,0,0,83,94,0,0,0,0,0,4,0,0,0,0,28,0.0,0.0,0.0,0,0,0,0
30b.sql,true,175,171,3,1,0,76,95,0,0,0,0,0,4,0,0,0,0,28,0.0,0.0,0.0,0,0,0,0
30b.sql,true,177,174,2,1,0,79,95,0,0,0,0,0,4,0,0,0,0,28,0.0,0.0,0.0,0,0,0,0
30b.sql,true,181,176,2,2,0,79,97,0,0,0,0,0,3,0,0,0,0,28,0.0,0.0,0.0,0,0,0,0
30b.sql,false,179,176,3,0,0,78,98,0,0,0,0,0,5,0,0,0,0,28,0.0,0.0,0.0,0,0,0,0
30a.sql,true,153,129,23,1,0,33,96,0,0,0,0,0,212,0,0,0,0,757,0.0,0.0,0.0,0,0,0,0
30a.sql,true,161,130,29,1,1,34,96,0,1,0,0,0,192,0,0,0,0,757,0.0,0.0,0.0,0,0,0,0
30a.sql,true,205,131,72,2,0,34,97,0,0,0,0,0,648,0,0,0,0,757,0.0,0.0,0.0,0,0,0,0
30a.sql,true,135,109,24,2,0,25,84,0,0,0,0,0,135,0,0,0,0,757,0.0,0.0,0.0,0,0,0,0
30a.sql,true,144,114,29,0,0,26,88,0,0,0,0,0,279,0,0,0,0,757,0.0,0.0,0.0,0,0,0,0
30a.sql,false,151,117,34,0,0,26,91,0,0,0,0,0,305,0,0,0,0,757,0.0,0.0,0.0,0,0,0,0
29c.sql,true,964,917,40,6,1,801,116,0,1,0,0,0,569,0,0,0,0,16308,0.0,0.0,0.0,0,0,0,0
29c.sql,true,972,937,29,5,1,778,159,0,1,0,0,0,395,0,0,0,0,16308,0.0,0.0,0.0,0,0,0,0
29c.sql,true,922,890,27,4,1,777,113,0,1,0,0,0,322,0,0,0,0,16308,0.0,0.0,0.0,0,0,0,0
29c.sql,true,875,828,43,3,1,714,114,0,1,0,0,0,523,0,0,0,0,16308,0.0,0.0,0.0,0,0,0,0
29c.sql,true,980,925,47,7,0,811,114,0,0,0,0,0,658,0,0,0,0,16308,0.0,0.0,0.0,0,0,0,0
29c.sql,false,1015,940,68,5,1,827,113,0,1,0,0,0,1023,0,0,0,0,16308,0.0,0.0,0.0,0,0,0,0
29b.sql,true,656,652,3,0,0,545,107,0,0,0,0,0,3,0,0,0,0,15,0.0,0.0,0.0,0,0,0,0
29b.sql,true,619,611,8,0,0,504,107,0,0,0,0,0,60,0,0,0,0,15,0.0,0.0,0.0,0,0,0,0
29b.sql,true,618,613,5,0,0,508,105,0,0,0,0,0,25,0,0,0,0,15,0.0,0.0,0.0,0,0,0,0
29b.sql,true,603,598,4,0,0,495,103,0,0,0,0,0,24,0,0,0,0,15,0.0,0.0,0.0,0,0,0,0
29b.sql,true,637,632,5,0,0,526,106,0,0,0,0,0,23,0,0,0,0,15,0.0,0.0,0.0,0,0,0,0
29b.sql,false,649,642,6,1,0,537,105,0,0,0,0,0,32,0,0,0,0,15,0.0,0.0,0.0,0,0,0,0
29a.sql,true,853,848,4,1,0,738,110,0,0,0,0,0,27,0,0,0,0,1620,0.0,0.0,0.0,0,0,0,0
29a.sql,true,933,925,6,2,0,814,111,0,0,0,0,0,40,0,0,0,0,1620,0.0,0.0,0.0,0,0,0,0
29a.sql,true,787,780,6,1,0,671,109,0,0,0,0,0,47,0,0,0,0,1620,0.0,0.0,0.0,0,0,0,0
29a.sql,true,855,848,6,1,0,738,110,0,0,0,0,0,46,0,0,0,0,1620,0.0,0.0,0.0,0,0,0,0
29a.sql,true,875,869,5,1,0,757,112,0,0,0,0,0,9,0,0,0,0,1620,0.0,0.0,0.0,0,0,0,0
29a.sql,false,935,929,6,0,0,822,107,0,0,0,0,0,31,0,0,0,0,1620,0.0,0.0,0.0,0,0,0,0
28c.sql,true,239,211,25,1,1,82,129,0,1,0,0,0,241,0,0,0,0,8373,0.0,0.0,0.0,0,0,0,0
28c.sql,true,244,219,22,3,0,81,138,0,0,0,0,0,239,0,0,0,0,8373,0.0,0.0,0.0,0,0,0,0
28c.sql,true,261,211,47,3,0,78,133,0,0,0,0,0,543,0,0,0,0,8373,0.0,0.0,0.0,0,0,0,0
28c.sql,true,301,212,85,2,1,78,134,0,1,0,0,0,1031,0,0,0,0,8373,0.0,0.0,0.0,0,0,0,0
28c.sql,true,267,217,48,2,0,81,136,0,0,0,0,0,569,0,0,0,0,8373,0.0,0.0,0.0,0,0,0,0
28c.sql,false,355,215,137,3,0,80,135,0,0,0,0,0,2110,0,0,0,0,8373,0.0,0.0,0.0,0,0,0,0
28b.sql,true,160,144,16,0,0,77,67,0,0,0,0,0,87,0,0,0,0,148,0.0,0.0,0.0,0,0,0,0
28b.sql,true,140,126,13,1,0,60,66,0,0,0,0,0,73,0,0,0,0,148,0.0,0.0,0.0,0,0,0,0
28b.sql,true,141,129,11,1,0,63,66,0,0,0,0,0,94,0,0,0,0,148,0.0,0.0,0.0,0,0,0,0
28b.sql,true,149,125,23,1,0,62,63,0,0,0,0,0,208,0,0,0,0,148,0.0,0.0,0.0,0,0,0,0
28b.sql,true,152,139,13,0,0,75,64,0,0,0,0,0,86,0,0,0,0,148,0.0,0.0,0.0,0,0,0,0
28b.sql,false,147,134,13,0,0,69,65,0,0,0,0,0,95,0,0,0,0,148,0.0,0.0,0.0,0,0,0,0
28a.sql,true,248,224,21,3,0,80,144,0,0,0,0,0,174,0,0,0,0,4803,0.0,0.0,0.0,0,0,0,0
28a.sql,true,250,219,29,2,0,80,139,0,0,0,0,0,279,0,0,0,0,4803,0.0,0.0,0.0,0,0,0,0
28a.sql,true,249,223,25,1,0,79,144,0,0,0,0,0,270,0,0,0,0,4803,0.0,0.0,0.0,0,0,0,0
28a.sql,true,243,220,22,1,0,83,137,0,0,0,0,0,183,0,0,0,0,4803,0.0,0.0,0.0,0,0,0,0
28a.sql,true,248,219,28,1,0,81,138,0,0,0,0,0,241,0,0,0,0,4803,0.0,0.0,0.0,0,0,0,0
28a.sql,false,245,223,21,1,0,85,138,0,0,0,0,0,196,0,0,0,0,4803,0.0,0.0,0.0,0,0,0,0
27c.sql,true,222,215,6,1,0,45,170,0,0,0,0,0,63,0,0,0,0,743,0.0,0.0,0.0,0,0,0,0
27c.sql,true,212,206,6,0,0,44,162,0,0,0,0,0,24,0,0,0,0,743,0.0,0.0,0.0,0,0,0,0
27c.sql,true,221,214,6,1,0,45,169,0,0,0,0,0,37,0,0,0,0,743,0.0,0.0,0.0,0,0,0,0
27c.sql,true,220,216,3,1,0,44,172,0,0,0,0,0,18,0,0,0,0,743,0.0,0.0,0.0,0,0,0,0
27c.sql,true,225,217,7,1,0,46,171,0,0,0,0,0,41,0,0,0,0,743,0.0,0.0,0.0,0,0,0,0
27c.sql,false,223,215,6,2,0,44,171,0,0,0,0,0,25,0,0,0,0,743,0.0,0.0,0.0,0,0,0,0
27b.sql,true,165,151,13,1,0,25,126,0,0,0,0,0,242,0,0,0,0,247,0.0,0.0,0.0,0,0,0,0
27b.sql,true,139,133,5,1,0,24,109,0,0,0,0,0,41,0,0,0,0,247,0.0,0.0,0.0,0,0,0,0
27b.sql,true,142,138,4,0,0,24,114,0,0,0,0,0,24,0,0,0,0,247,0.0,0.0,0.0,0,0,0,0
27b.sql,true,139,134,4,1,0,26,108,0,0,0,0,0,27,0,0,0,0,247,0.0,0.0,0.0,0,0,0,0
27b.sql,true,138,133,4,1,0,25,108,0,0,0,0,0,13,0,0,0,0,247,0.0,0.0,0.0,0,0,0,0
27b.sql,false,144,140,3,1,0,25,115,0,0,0,0,0,16,0,0,0,0,247,0.0,0.0,0.0,0,0,0,0
27a.sql,true,146,140,5,0,0,34,106,0,0,0,0,0,36,0,0,0,0,477,0.0,0.0,0.0,0,0,0,0
27a.sql,true,157,153,4,0,0,33,120,0,0,0,0,0,29,0,0,0,0,477,0.0,0.0,0.0,0,0,0,0
27a.sql,true,165,159,4,2,0,34,125,0,0,0,0,0,13,0,0,0,0,477,0.0,0.0,0.0,0,0,0,0
27a.sql,true,178,168,10,0,0,40,128,0,0,0,0,0,143,0,0,0,0,477,0.0,0.0,0.0,0,0,0,0
27a.sql,true,167,160,7,0,0,34,126,0,0,0,0,0,53,0,0,0,0,477,0.0,0.0,0.0,0,0,0,0
27a.sql,false,148,145,3,0,0,33,112,0,0,0,0,0,15,0,0,0,0,477,0.0,0.0,0.0,0,0,0,0
26c.sql,true,464,135,327,2,0,118,17,0,0,0,0,0,2968,0,0,0,0,5400,0.0,0.0,0.0,0,0,0,0
26c.sql,true,177,128,48,1,0,114,14,0,0,0,0,0,330,0,0,0,0,5400,0.0,0.0,0.0,0,0,0,0
26c.sql,true,444,144,298,2,0,130,14,0,0,0,0,0,5513,0,0,0,0,5400,0.0,0.0,0.0,0,0,0,0
26c.sql,true,172,131,40,1,0,117,14,0,0,0,0,0,247,0,0,0,0,5400,0.0,0.0,0.0,0,0,0,0
26c.sql,true,176,128,45,1,1,115,13,0,1,0,0,0,334,0,0,0,0,5400,0.0,0.0,0.0,0,0,0,0
26c.sql,false,178,132,44,1,0,117,15,0,0,0,0,0,297,0,0,0,0,5400,0.0,0.0,0.0,0,0,0,0
26b.sql,true,148,135,12,1,0,119,16,0,0,0,0,0,65,0,0,0,0,93,0.0,0.0,0.0,0,0,0,0
26b.sql,true,149,132,17,0,0,117,15,0,0,0,0,0,147,0,0,0,0,93,0.0,0.0,0.0,0,0,0,0
26b.sql,true,167,150,16,1,0,135,15,0,0,0,0,0,195,0,0,0,0,93,0.0,0.0,0.0,0,0,0,0
26b.sql,true,149,130,18,0,0,115,15,0,0,0,0,0,131,0,0,0,0,93,0.0,0.0,0.0,0,0,0,0
26b.sql,true,135,125,9,1,0,111,14,0,0,0,0,0,89,0,0,0,0,93,0.0,0.0,0.0,0,0,0,0
26b.sql,false,169,142,27,0,0,127,15,0,0,0,0,0,271,0,0,0,0,93,0.0,0.0,0.0,0,0,0,0
26a.sql,true,180,151,28,1,0,123,28,0,0,0,0,0,151,0,0,0,0,1728,0.0,0.0,0.0,0,0,0,0
26a.sql,true,164,143,20,1,0,114,29,0,0,0,0,0,103,0,0,0,0,1728,0.0,0.0,0.0,0,0,0,0
26a.sql,true,201,143,56,1,0,114,29,0,0,0,0,0,1076,0,0,0,0,1728,0.0,0.0,0.0,0,0,0,0
26a.sql,true,174,148,25,1,0,120,28,0,0,0,0,0,181,0,0,0,0,1728,0.0,0.0,0.0,0,0,0,0
26a.sql,true,175,147,27,1,0,118,29,0,0,0,0,0,141,0,0,0,0,1728,0.0,0.0,0.0,0,0,0,0
26a.sql,false,172,145,26,1,0,117,28,0,0,0,0,0,182,0,0,0,0,1728,0.0,0.0,0.0,0,0,0,0
25c.sql,true,177,120,45,10,1,21,99,0,1,0,0,0,388,0,0,0,0,26153,0.0,0.0,0.0,0,0,0,0
25c.sql,true,161,122,34,4,1,21,101,0,1,0,0,0,219,0,0,0,0,26153,0.0,0.0,0.0,0,0,0,0
25c.sql,true,161,120,36,5,0,21,99,0,0,0,0,0,246,0,0,0,0,26153,0.0,0.0,0.0,0,0,0,0
25c.sql,true,158,121,33,3,1,21,100,0,1,0,0,0,215,0,0,0,0,26153,0.0,0.0,0.0,0,0,0,0
25c.sql,true,157,120,33,3,1,21,99,0,0,0,0,0,223,0,0,0,0,26153,0.0,0.0,0.0,0,0,0,0
25c.sql,false,244,119,118,6,1,20,99,0,1,0,0,0,1444,0,0,0,0,26153,0.0,0.0,0.0,0,0,0,0
25b.sql,true,106,104,2,0,0,24,80,0,0,0,0,0,0,0,0,0,0,6,0.0,0.0,0.0,0,0,0,0
25b.sql,true,129,127,1,1,0,34,93,0,0,0,0,0,1,0,0,0,0,6,0.0,0.0,0.0,0,0,0,0
25b.sql,true,130,127,1,0,1,32,95,0,1,0,0,0,1,0,0,0,0,6,0.0,0.0,0.0,0,0,0,0
25b.sql,true,126,124,1,1,0,33,91,0,0,0,0,0,0,0,0,0,0,6,0.0,0.0,0.0,0,0,0,0
25b.sql,true,128,126,2,0,0,34,92,0,0,0,0,0,1,0,0,0,0,6,0.0,0.0,0.0,0,0,0,0
25b.sql,false,127,125,1,1,0,32,93,0,0,0,0,0,1,0,0,0,0,6,0.0,0.0,0.0,0,0,0,0
25a.sql,true,127,109,17,1,0,19,90,0,0,0,0,0,66,0,0,0,0,4407,0.0,0.0,0.0,0,0,0,0
25a.sql,true,134,112,20,1,0,18,94,0,0,0,0,0,90,0,0,0,0,4407,0.0,0.0,0.0,0,0,0,0
25a.sql,true,129,108,20,1,0,18,90,0,0,0,0,0,100,0,0,0,0,4407,0.0,0.0,0.0,0,0,0,0
25a.sql,true,131,110,20,1,0,17,93,0,0,0,0,0,99,0,0,0,0,4407,0.0,0.0,0.0,0,0,0,0
25a.sql,true,130,109,20,1,0,17,92,0,0,0,0,0,99,0,0,0,0,4407,0.0,0.0,0.0,0,0,0,0
25a.sql,false,131,109,19,2,1,17,92,0,1,0,0,0,96,0,0,0,0,4407,0.0,0.0,0.0,0,0,0,0
24b.sql,true,851,847,3,1,0,746,101,0,0,0,0,0,25,0,0,0,0,45,0.0,0.0,0.0,0,0,0,0
24b.sql,true,870,863,6,1,0,761,102,0,0,0,0,0,79,0,0,0,0,45,0.0,0.0,0.0,0,0,0,0
24b.sql,true,860,855,5,0,0,753,102,0,0,0,0,0,38,0,0,0,0,45,0.0,0.0,0.0,0,0,0,0
24b.sql,true,866,860,4,0,0,752,108,0,0,0,0,0,30,0,0,0,0,45,0.0,0.0,0.0,0,0,0,0
24b.sql,true,923,921,2,0,0,817,104,0,0,0,0,0,1,0,0,0,0,45,0.0,0.0,0.0,0,0,0,0
24b.sql,false,872,867,4,0,0,765,102,0,0,0,0,0,35,0,0,0,0,45,0.0,0.0,0.0,0,0,0,0
24a.sql,true,854,846,7,1,0,740,106,0,0,0,0,0,64,0,0,0,0,275,0.0,0.0,0.0,0,0,0,0
24a.sql,true,881,865,15,1,0,756,109,0,0,0,0,0,159,0,0,0,0,275,0.0,0.0,0.0,0,0,0,0
24a.sql,true,878,869,8,1,0,765,104,0,0,0,0,0,68,0,0,0,0,275,0.0,0.0,0.0,0,0,0,0
24a.sql,true,859,852,7,0,0,745,107,0,0,0,0,0,56,0,0,0,0,275,0.0,0.0,0.0,0,0,0,0
24a.sql,true,930,922,7,0,0,816,106,0,0,0,0,0,61,0,0,0,0,275,0.0,0.0,0.0,0,0,0,0
24a.sql,false,848,839,9,0,0,735,104,0,0,0,0,0,73,0,0,0,0,275,0.0,0.0,0.0,0,0,0,0
23c.sql,true,123,117,5,1,0,94,23,0,0,0,0,0,22,0,0,0,0,628,0.0,0.0,0.0,0,0,0,0
23c.sql,true,118,113,5,0,0,91,22,0,0,0,0,0,24,0,0,0,0,628,0.0,0.0,0.0,0,0,0,0
23c.sql,true,126,123,2,1,0,101,22,0,0,0,0,0,10,0,0,0,0,628,0.0,0.0,0.0,0,0,0,0
23c.sql,true,115,110,3,2,0,91,19,0,0,0,0,0,19,0,0,0,0,628,0.0,0.0,0.0,0,0,0,0
23c.sql,true,117,113,4,0,0,90,23,0,0,0,0,0,19,0,0,0,0,628,0.0,0.0,0.0,0,0,0,0
23c.sql,false,120,115,4,1,0,95,20,0,0,0,0,0,19,0,0,0,0,628,0.0,0.0,0.0,0,0,0,0
23b.sql,true,102,97,5,0,0,81,16,0,0,0,0,0,20,0,0,0,0,16,0.0,0.0,0.0,0,0,0,0
23b.sql,true,104,99,4,0,1,80,19,0,1,0,0,0,24,0,0,0,0,16,0.0,0.0,0.0,0,0,0,0
23b.sql,true,101,96,5,0,0,79,17,0,0,0,0,0,19,0,0,0,0,16,0.0,0.0,0.0,0,0,0,0
23b.sql,true,106,101,3,2,0,83,18,0,0,0,0,0,18,0,0,0,0,16,0.0,0.0,0.0,0,0,0,0
23b.sql,true,92,87,4,1,0,69,18,0,0,0,0,0,22,0,0,0,0,16,0.0,0.0,0.0,0,0,0,0
23b.sql,false,103,99,3,1,0,83,16,0,0,0,0,0,20,0,0,0,0,16,0.0,0.0,0.0,0,0,0,0
23a.sql,true,106,101,4,1,0,85,16,0,0,0,0,0,20,0,0,0,0,618,0.0,0.0,0.0,0,0,0,0
23a.sql,true,110,105,4,0,0,89,16,0,0,0,0,0,22,0,0,0,0,618,0.0,0.0,0.0,0,0,0,0
23a.sql,true,116,112,4,0,0,94,18,0,0,0,0,0,20,0,0,0,0,618,0.0,0.0,0.0,0,0,0,0
23a.sql,true,116,112,3,0,1,94,18,0,1,0,0,0,19,0,0,0,0,618,0.0,0.0,0.0,0,0,0,0
23a.sql,true,111,106,4,0,0,89,17,0,0,0,0,0,20,0,0,0,0,618,0.0,0.0,0.0,0,0,0,0
23a.sql,false,116,110,6,0,0,92,18,0,0,0,0,0,30,0,0,0,0,618,0.0,0.0,0.0,0,0,0,0
22d.sql,true,174,139,26,8,0,27,112,0,0,0,0,0,225,0,0,0,0,46281,0.0,0.0,0.0,0,0,0,0
22d.sql,true,179,143,28,7,1,28,115,0,1,0,0,0,268,0,0,0,0,46281,0.0,0.0,0.0,0,0,0,0
22d.sql,true,168,137,25,6,0,25,112,0,0,0,0,0,231,0,0,0,0,46281,0.0,0.0,0.0,0,0,0,0
22d.sql,true,229,141,80,8,0,27,114,0,0,0,0,0,858,0,0,0,0,46281,0.0,0.0,0.0,0,0,0,0
22d.sql,true,183,140,32,10,1,26,114,0,1,0,0,0,280,0,0,0,0,46281,0.0,0.0,0.0,0,0,0,0
22d.sql,false,183,136,36,10,0,25,111,0,0,0,0,0,408,0,0,0,0,46281,0.0,0.0,0.0,0,0,0,0
22c.sql,true,246,217,23,6,0,77,140,0,0,0,0,0,198,0,0,0,0,21489,0.0,0.0,0.0,0,0,0,0
22c.sql,true,251,222,23,5,1,83,139,0,1,0,0,0,270,0,0,0,0,21489,0.0,0.0,0.0,0,0,0,0
22c.sql,true,241,214,23,4,0,74,140,0,0,0,0,0,249,0,0,0,0,21489,0.0,0.0,0.0,0,0,0,0
22c.sql,true,247,220,21,6,0,78,142,0,0,0,0,0,190,0,0,0,0,21489,0.0,0.0,0.0,0,0,0,0
22c.sql,true,260,232,23,4,1,86,146,0,1,0,0,0,192,0,0,0,0,21489,0.0,0.0,0.0,0,0,0,0
22c.sql,false,263,227,29,6,0,81,146,0,0,0,0,0,307,0,0,0,0,21489,0.0,0.0,0.0,0,0,0,0
22b.sql,true,221,210,11,0,0,79,131,0,0,0,0,0,52,0,0,0,0,31,0.0,0.0,0.0,0,0,0,0
22b.sql,true,218,206,11,0,0,78,128,0,0,0,0,0,54,0,0,0,0,31,0.0,0.0,0.0,0,0,0,0
22b.sql,true,218,207,10,0,0,81,126,0,0,0,0,0,49,0,0,0,0,31,0.0,0.0,0.0,0,0,0,0
22b.sql,true,212,201,10,0,0,73,128,0,0,0,0,0,50,0,0,0,0,31,0.0,0.0,0.0,0,0,0,0
22b.sql,true,213,203,10,0,0,69,134,0,0,0,0,0,45,0,0,0,0,31,0.0,0.0,0.0,0,0,0,0
22b.sql,false,216,204,11,0,1,77,127,0,1,0,0,0,57,0,0,0,0,31,0.0,0.0,0.0,0,0,0,0
22a.sql,true,223,209,12,1,0,75,134,0,0,0,0,0,69,0,0,0,0,2851,0.0,0.0,0.0,0,0,0,0
22a.sql,true,226,213,12,1,0,79,134,0,0,0,0,0,67,0,0,0,0,2851,0.0,0.0,0.0,0,0,0,0
22a.sql,true,223,208,14,1,0,73,135,0,0,0,0,0,83,0,0,0,0,2851,0.0,0.0,0.0,0,0,0,0
22a.sql,true,218,204,12,1,0,70,134,0,0,0,0,0,69,0,0,0,0,2851,0.0,0.0,0.0,0,0,0,0
22a.sql,true,215,202,12,1,0,69,133,0,0,0,0,0,67,0,0,0,0,2851,0.0,0.0,0.0,0,0,0,0
22a.sql,false,231,212,18,1,0,76,136,0,0,0,0,0,172,0,0,0,0,2851,0.0,0.0,0.0,0,0,0,0
21c.sql,true,218,210,6,2,0,37,173,0,0,0,0,0,33,0,0,0,0,1874,0.0,0.0,0.0,0,0,0,0
21c.sql,true,226,218,7,1,0,40,178,0,0,0,0,0,32,0,0,0,0,1874,0.0,0.0,0.0,0,0,0,0
21c.sql,true,224,216,6,2,0,39,177,0,0,0,0,0,32,0,0,0,0,1874,0.0,0.0,0.0,0,0,0,0
21c.sql,true,222,214,6,1,1,38,176,0,1,0,0,0,56,0,0,0,0,1874,0.0,0.0,0.0,0,0,0,0
21c.sql,true,220,213,5,1,0,40,173,0,0,0,0,0,59,0,0,0,0,1874,0.0,0.0,0.0,0,0,0,0
21c.sql,false,220,212,6,1,0,39,173,0,0,0,0,0,30,0,0,0,0,1874,0.0,0.0,0.0,0,0,0,0
21b.sql,true,158,154,3,1,0,31,123,0,0,0,0,0,10,0,0,0,0,38,0.0,0.0,0.0,0,0,0,0
21b.sql,true,147,143,4,0,0,32,111,0,0,0,0,0,15,0,0,0,0,38,0.0,0.0,0.0,0,0,0,0
21b.sql,true,151,146,5,0,0,33,113,0,0,0,0,0,28,0,0,0,0,38,0.0,0.0,0.0,0,0,0,0
21b.sql,true,150,146,3,0,1,32,114,0,1,0,0,0,16,0,0,0,0,38,0.0,0.0,0.0,0,0,0,0
21b.sql,true,158,154,4,0,0,32,122,0,0,0,0,0,16,0,0,0,0,38,0.0,0.0,0.0,0,0,0,0
21b.sql,false,152,148,4,0,0,34,114,0,0,0,0,0,12,0,0,0,0,38,0.0,0.0,0.0,0,0,0,0
21a.sql,true,167,160,5,2,0,34,126,0,0,0,0,0,34,0,0,0,0,1410,0.0,0.0,0.0,0,0,0,0
21a.sql,true,157,149,6,2,0,33,116,0,0,0,0,0,40,0,0,0,0,1410,0.0,0.0,0.0,0,0,0,0
21a.sql,true,165,160,5,0,0,33,127,0,0,0,0,0,44,0,0,0,0,1410,0.0,0.0,0.0,0,0,0,0
21a.sql,true,155,148,6,1,0,33,115,0,0,0,0,0,28,0,0,0,0,1410,0.0,0.0,0.0,0,0,0,0
21a.sql,true,168,160,6,1,0,32,128,0,0,0,0,0,32,0,0,0,0,1410,0.0,0.0,0.0,0,0,0,0
21a.sql,false,162,157,4,1,0,35,122,0,0,0,0,0,47,0,0,0,0,1410,0.0,0.0,0.0,0,0,0,0
20c.sql,true,177,134,41,1,0,117,17,0,0,0,0,0,329,0,0,0,0,5406,0.0,0.0,0.0,0,0,0,0
20c.sql,true,360,127,230,3,0,114,13,0,0,0,0,0,5548,0,0,0,0,5406,0.0,0.0,0.0,0,0,0,0
20c.sql,true,178,136,41,1,0,119,17,0,0,0,0,0,214,0,0,0,0,5406,0.0,0.0,0.0,0,0,0,0
20c.sql,true,162,128,32,2,0,114,14,0,0,0,0,0,177,0,0,0,0,5406,0.0,0.0,0.0,0,0,0,0
20c.sql,true,164,130,32,2,0,116,14,0,0,0,0,0,192,0,0,0,0,5406,0.0,0.0,0.0,0,0,0,0
20c.sql,false,203,129,73,1,0,116,13,0,0,0,0,0,686,0,0,0,0,5406,0.0,0.0,0.0,0,0,0,0
20b.sql,true,382,378,4,0,0,363,15,0,0,0,0,0,7,0,0,0,0,17,0.0,0.0,0.0,0,0,0,0
20b.sql,true,399,395,4,0,0,379,16,0,0,0,0,0,8,0,0,0,0,17,0.0,0.0,0.0,0,0,0,0
20b.sql,true,421,417,4,0,0,401,16,0,0,0,0,0,8,0,0,0,0,17,0.0,0.0,0.0,0,0,0,0
20b.sql,true,390,381,9,0,0,367,14,0,0,0,0,0,58,0,0,0,0,17,0.0,0.0,0.0,0,0,0,0
20b.sql,true,415,409,5,1,0,395,14,0,0,0,0,0,18,0,0,0,0,17,0.0,0.0,0.0,0,0,0,0
20b.sql,false,411,401,9,1,0,386,15,0,0,0,0,0,55,0,0,0,0,17,0.0,0.0,0.0,0,0,0,0
20a.sql,true,236,229,7,0,0,204,25,0,0,0,0,0,52,0,0,0,0,33,0.0,0.0,0.0,0,0,0,0
20a.sql,true,242,230,12,0,0,204,26,0,0,0,0,0,104,0,0,0,0,33,0.0,0.0,0.0,0,0,0,0
20a.sql,true,238,225,12,1,0,204,21,0,0,0,0,0,74,0,0,0,0,33,0.0,0.0,0.0,0,0,0,0
20a.sql,true,238,225,12,1,0,201,24,0,0,0,0,0,86,0,0,0,0,33,0.0,0.0,0.0,0,0,0,0
20a.sql,true,222,214,7,1,0,196,18,0,0,0,0,0,58,0,0,0,0,33,0.0,0.0,0.0,0,0,0,0
20a.sql,false,228,225,3,0,0,201,24,0,0,0,0,0,6,0,0,0,0,33,0.0,0.0,0.0,0,0,0,0
19d.sql,true,2352,114,1045,1182,11,25,89,0,11,0,0,0,5682,0,0,0,0,1760645,0.0,0.0,0.0,0,0,0,0
19d.sql,true,1414,94,834,473,11,19,75,0,11,0,0,0,11213,0,0,0,0,1760645,0.0,0.0,0.0,0,0,0,0
19d.sql,true,1095,90,563,431,11,19,71,0,11,0,0,0,6560,0,0,0,0,1760645,0.0,0.0,0.0,0,0,0,0
19d.sql,true,2547,94,1669,772,12,19,75,0,12,0,0,0,17897,0,0,0,0,1760645,0.0,0.0,0.0,0,0,0,0
19d.sql,true,1744,100,1067,564,12,20,80,0,12,0,0,0,12294,0,0,0,0,1760645,0.0,0.0,0.0,0,0,0,0
19d.sql,false,2588,99,1675,802,11,21,78,0,11,0,0,0,19405,0,0,0,0,1760645,0.0,0.0,0.0,0,0,0,0
19c.sql,true,959,924,32,3,0,808,116,0,0,0,0,0,244,0,0,0,0,3575,0.0,0.0,0.0,0,0,0,0
19c.sql,true,888,866,20,2,0,748,118,0,0,0,0,0,250,0,0,0,0,3575,0.0,0.0,0.0,0,0,0,0
19c.sql,true,881,858,20,3,0,744,114,0,0,0,0,0,266,0,0,0,0,3575,0.0,0.0,0.0,0,0,0,0
19c.sql,true,951,926,23,2,0,809,117,0,0,0,0,0,249,0,0,0,0,3575,0.0,0.0,0.0,0,0,0,0
19c.sql,true,972,937,30,3,0,821,116,0,0,0,0,0,251,0,0,0,0,3575,0.0,0.0,0.0,0,0,0,0
19c.sql,false,995,937,56,2,0,821,116,0,0,0,0,0,1534,0,0,0,0,3575,0.0,0.0,0.0,0,0,0,0
19b.sql,true,895,893,2,0,0,798,95,0,0,0,0,0,1,0,0,0,0,15,0.0,0.0,0.0,0,0,0,0
19b.sql,true,923,922,1,0,0,825,97,0,0,0,0,0,0,0,0,0,0,15,0.0,0.0,0.0,0,0,0,0
19b.sql,true,907,906,1,0,0,810,96,0,0,0,0,0,0,0,0,0,0,15,0.0,0.0,0.0,0,0,0,0
19b.sql,true,900,899,1,0,0,806,93,0,0,0,0,0,0,0,0,0,0,15,0.0,0.0,0.0,0,0,0,0
19b.sql,true,904,903,1,0,0,809,94,0,0,0,0,0,0,0,0,0,0,15,0.0,0.0,0.0,0,0,0,0
19b.sql,false,905,904,1,0,0,805,99,0,0,0,0,0,0,0,0,0,0,15,0.0,0.0,0.0,0,0,0,0
19a.sql,true,977,969,8,0,0,807,162,0,0,0,0,0,41,0,0,0,0,184,0.0,0.0,0.0,0,0,0,0
19a.sql,true,984,976,7,0,0,815,161,0,0,0,0,0,46,0,0,0,0,184,0.0,0.0,0.0,0,0,0,0
19a.sql,true,976,968,7,1,0,804,164,0,0,0,0,0,42,0,0,0,0,184,0.0,0.0,0.0,0,0,0,0
19a.sql,true,1033,1025,7,1,0,860,165,0,0,0,0,0,41,0,0,0,0,184,0.0,0.0,0.0,0,0,0,0
19a.sql,true,1040,1032,6,2,0,871,161,0,0,0,0,0,44,0,0,0,0,184,0.0,0.0,0.0,0,0,0,0
19a.sql,false,965,957,6,1,0,797,160,0,0,0,0,0,45,0,0,0,0,184,0.0,0.0,0.0,0,0,0,0
18c.sql,true,176,124,43,9,0,21,103,0,0,0,0,0,258,0,0,0,0,28073,0.0,0.0,0.0,0,0,0,0
18c.sql,true,182,126,49,7,0,20,106,0,0,0,0,0,370,0,0,0,0,28073,0.0,0.0,0.0,0,0,0,0
18c.sql,true,180,123,48,8,1,20,103,0,1,0,0,0,307,0,0,0,0,28073,0.0,0.0,0.0,0,0,0,0
18c.sql,true,214,130,76,7,1,22,108,0,1,0,0,0,1268,0,0,0,0,28073,0.0,0.0,0.0,0,0,0,0
18c.sql,true,182,128,46,8,0,20,108,0,0,0,0,0,276,0,0,0,0,28073,0.0,0.0,0.0,0,0,0,0
18c.sql,false,195,130,59,6,0,22,108,0,0,0,0,0,386,0,0,0,0,28073,0.0,0.0,0.0,0,0,0,0
18b.sql,true,150,141,9,0,0,32,109,0,0,0,0,0,45,0,0,0,0,11,0.0,0.0,0.0,0,0,0,0
18b.sql,true,140,136,4,0,0,31,105,0,0,0,0,0,10,0,0,0,0,11,0.0,0.0,0.0,0,0,0,0
18b.sql,true,138,132,6,0,0,30,102,0,0,0,0,0,22,0,0,0,0,11,0.0,0.0,0.0,0,0,0,0
18b.sql,true,138,133,5,0,0,31,102,0,0,0,0,0,18,0,0,0,0,11,0.0,0.0,0.0,0,0,0,0
18b.sql,true,143,137,6,0,0,30,107,0,0,0,0,0,18,0,0,0,0,11,0.0,0.0,0.0,0,0,0,0
18b.sql,false,141,135,5,1,0,32,103,0,0,0,0,0,18,0,0,0,0,11,0.0,0.0,0.0,0,0,0,0
18a.sql,true,249,236,13,0,0,55,181,0,0,0,0,0,77,0,0,0,0,410,0.0,0.0,0.0,0,0,0,0
18a.sql,true,239,225,13,1,0,54,171,0,0,0,0,0,74,0,0,0,0,410,0.0,0.0,0.0,0,0,0,0
18a.sql,true,237,224,12,0,0,55,169,0,0,0,0,0,73,0,0,0,0,410,0.0,0.0,0.0,0,0,0,0
18a.sql,true,238,224,13,1,0,54,170,0,0,0,0,0,79,0,0,0,0,410,0.0,0.0,0.0,0,0,0,0
18a.sql,true,252,229,21,2,0,53,176,0,0,0,0,0,136,0,0,0,0,410,0.0,0.0,0.0,0,0,0,0
18a.sql,false,232,218,13,1,0,52,166,0,0,0,0,0,80,0,0,0,0,410,0.0,0.0,0.0,0,0,0,0
17f.sql,true,468,75,225,164,4,74,1,0,4,0,0,0,1804,0,0,0,0,1113120,0.0,0.0,0.0,0,0,0,0
17f.sql,true,611,75,360,172,4,74,1,0,4,0,0,0,4228,0,0,0,0,1113120,0.0,0.0,0.0,0,0,0,0
17f.sql,true,467,74,223,166,4,73,1,0,4,0,0,0,1737,0,0,0,0,1113120,0.0,0.0,0.0,0,0,0,0
17f.sql,true,485,75,238,167,5,74,1,0,5,0,0,0,2191,0,0,0,0,1113120,0.0,0.0,0.0,0,0,0,0
17f.sql,true,551,74,222,251,4,73,1,0,4,0,0,0,1742,0,0,0,0,1113120,0.0,0.0,0.0,0,0,0,0
17f.sql,false,604,75,353,172,4,74,1,0,4,0,0,0,4141,0,0,0,0,1113120,0.0,0.0,0.0,0,0,0,0
17e.sql,true,1240,3,737,486,12,1,2,0,12,0,0,0,6772,0,0,0,0,2832555,0.0,0.0,0.0,0,0,0,0
17e.sql,true,1101,3,380,709,9,1,2,0,9,0,0,0,2952,0,0,0,0,2832555,0.0,0.0,0.0,0,0,0,0
17e.sql,true,1122,4,384,724,10,1,3,0,10,0,0,0,2961,0,0,0,0,2832555,0.0,0.0,0.0,0,0,0,0
17e.sql,true,1038,4,406,618,10,1,3,0,10,0,0,0,3056,0,0,0,0,2832555,0.0,0.0,0.0,0,0,0,0
17e.sql,true,1238,4,403,821,10,1,3,0,10,0,0,0,3125,0,0,0,0,2832555,0.0,0.0,0.0,0,0,0,0
17e.sql,false,1257,4,423,819,10,1,3,0,10,0,0,0,3424,0,0,0,0,2832555,0.0,0.0,0.0,0,0,0,0
17d.sql,true,112,76,33,2,1,75,1,0,1,0,0,0,419,0,0,0,0,11538,0.0,0.0,0.0,0,0,0,0
17d.sql,true,112,75,32,5,0,75,0,0,0,0,0,0,372,0,0,0,0,11538,0.0,0.0,0.0,0,0,0,0
17d.sql,true,150,76,71,3,0,76,0,0,0,0,0,0,1207,0,0,0,0,11538,0.0,0.0,0.0,0,0,0,0
17d.sql,true,600,75,522,3,0,75,0,0,0,0,0,0,9557,0,0,0,0,11538,0.0,0.0,0.0,0,0,0,0
17d.sql,true,118,78,37,3,0,77,1,0,0,0,0,0,407,0,0,0,0,11538,0.0,0.0,0.0,0,0,0,0
17d.sql,false,500,76,422,2,0,75,1,0,0,0,0,0,5733,0,0,0,0,11538,0.0,0.0,0.0,0,0,0,0
17c.sql,true,70,55,14,1,0,55,0,0,0,0,0,0,138,0,0,0,0,1918,0.0,0.0,0.0,0,0,0,0
17c.sql,true,64,56,7,1,0,55,1,0,0,0,0,0,79,0,0,0,0,1918,0.0,0.0,0.0,0,0,0,0
17c.sql,true,66,55,9,1,0,55,0,0,0,0,0,0,91,0,0,0,0,1918,0.0,0.0,0.0,0,0,0,0
17c.sql,true,605,55,549,1,0,55,0,0,0,0,0,0,9986,0,0,0,0,1918,0.0,0.0,0.0,0,0,0,0
17c.sql,true,118,56,61,1,0,55,1,0,0,0,0,0,1069,0,0,0,0,1918,0.0,0.0,0.0,0,0,0,0
17c.sql,false,64,56,7,1,0,56,0,0,0,0,0,0,83,0,0,0,0,1918,0.0,0.0,0.0,0,0,0,0
17b.sql,true,241,56,172,12,1,55,1,0,1,0,0,0,1359,0,0,0,0,52306,0.0,0.0,0.0,0,0,0,0
17b.sql,true,915,55,850,10,0,54,1,0,0,0,0,0,17527,0,0,0,0,52306,0.0,0.0,0.0,0,0,0,0
17b.sql,true,455,55,389,10,1,54,1,0,1,0,0,0,11880,0,0,0,0,52306,0.0,0.0,0.0,0,0,0,0
17b.sql,true,1684,55,1615,13,1,54,1,0,0,0,0,0,41275,0,0,0,0,52306,0.0,0.0,0.0,0,0,0,0
17b.sql,true,303,57,234,12,0,55,2,0,0,0,0,0,6545,0,0,0,0,52306,0.0,0.0,0.0,0,0,0,0
17b.sql,false,349,57,280,11,1,56,1,0,0,0,0,0,5785,0,0,0,0,52306,0.0,0.0,0.0,0,0,0,0
17a.sql,true,243,51,131,59,2,48,3,0,2,0,0,0,1248,0,0,0,0,258289,0.0,0.0,0.0,0,0,0,0
17a.sql,true,249,57,136,54,2,53,4,0,2,0,0,0,1428,0,0,0,0,258289,0.0,0.0,0.0,0,0,0,0
17a.sql,true,321,59,198,62,2,54,5,0,2,0,0,0,2145,0,0,0,0,258289,0.0,0.0,0.0,0,0,0,0
17a.sql,true,1531,59,1402,67,2,56,3,0,2,0,0,0,27909,0,0,0,0,258289,0.0,0.0,0.0,0,0,0,0
17a.sql,true,272,69,146,55,2,66,3,0,2,0,0,0,1988,0,0,0,0,258289,0.0,0.0,0.0,0,0,0,0
17a.sql,false,270,74,157,38,1,71,3,0,1,0,0,0,1450,0,0,0,0,258289,0.0,0.0,0.0,0,0,0,0
16d.sql,true,140,16,47,75,2,12,4,0,2,0,0,0,423,0,0,0,0,249455,0.0,0.0,0.0,0,0,0,0
16d.sql,true,537,15,364,156,2,11,4,0,2,0,0,0,14820,0,0,0,0,249455,0.0,0.0,0.0,0,0,0,0
16d.sql,true,117,15,47,53,2,12,3,0,2,0,0,0,638,0,0,0,0,249455,0.0,0.0,0.0,0,0,0,0
16d.sql,true,117,15,40,60,2,11,4,0,2,0,0,0,367,0,0,0,0,249455,0.0,0.0,0.0,0,0,0,0
16d.sql,true,112,15,46,49,2,11,4,0,2,0,0,0,425,0,0,0,0,249455,0.0,0.0,0.0,0,0,0,0
16d.sql,false,125,16,51,55,3,12,4,0,3,0,0,0,525,0,0,0,0,249455,0.0,0.0,0.0,0,0,0,0
16c.sql,true,185,14,88,81,2,10,4,0,2,0,0,0,1612,0,0,0,0,319932,0.0,0.0,0.0,0,0,0,0
16c.sql,true,142,14,49,76,3,10,4,0,3,0,0,0,428,0,0,0,0,319932,0.0,0.0,0.0,0,0,0,0
16c.sql,true,154,14,53,84,3,9,5,0,3,0,0,0,533,0,0,0,0,319932,0.0,0.0,0.0,0,0,0,0
16c.sql,true,137,14,55,65,2,10,4,0,2,0,0,0,612,0,0,0,0,319932,0.0,0.0,0.0,0,0,0,0
16c.sql,true,133,14,52,65,2,9,5,0,2,0,0,0,508,0,0,0,0,319932,0.0,0.0,0.0,0,0,0,0
16c.sql,false,179,14,85,78,2,10,4,0,2,0,0,0,1663,0,0,0,0,319932,0.0,0.0,0.0,0,0,0,0
16b.sql,true,1682,4,651,1002,25,1,3,0,25,0,0,0,6634,0,0,0,0,3710592,0.0,0.0,0.0,0,0,0,0
16b.sql,true,1239,4,586,623,26,1,3,0,25,0,0,0,4810,0,0,0,0,3710592,0.0,0.0,0.0,0,0,0,0
16b.sql,true,1256,4,513,712,27,1,3,0,27,0,0,0,4816,0,0,0,0,3710592,0.0,0.0,0.0,0,0,0,0
16b.sql,true,1916,4,900,987,25,2,2,0,25,0,0,0,12009,0,0,0,0,3710592,0.0,0.0,0.0,0,0,0,0
16b.sql,true,1445,4,598,816,27,2,2,0,27,0,0,0,5413,0,0,0,0,3710592,0.0,0.0,0.0,0,0,0,0
16b.sql,false,1231,3,495,706,27,1,2,0,27,0,0,0,5627,0,0,0,0,3710592,0.0,0.0,0.0,0,0,0,0
16a.sql,true,21,10,8,2,0,6,4,0,0,0,0,0,50,0,0,0,0,385,0.0,0.0,0.0,0,0,0,0
16a.sql,true,18,10,7,1,0,6,4,0,0,0,0,0,42,0,0,0,0,385,0.0,0.0,0.0,0,0,0,0
16a.sql,true,17,10,7,0,0,6,4,0,0,0,0,0,26,0,0,0,0,385,0.0,0.0,0.0,0,0,0,0
16a.sql,true,37,10,26,1,0,6,4,0,0,0,0,0,316,0,0,0,0,385,0.0,0.0,0.0,0,0,0,0
16a.sql,true,39,10,29,0,0,6,4,0,0,0,0,0,443,0,0,0,0,385,0.0,0.0,0.0,0,0,0,0
16a.sql,false,23,10,11,1,0,6,4,0,0,0,0,0,125,0,0,0,0,385,0.0,0.0,0.0,0,0,0,0
15d.sql,true,80,66,9,4,1,59,7,0,1,0,0,0,90,0,0,0,0,11347,0.0,0.0,0.0,0,0,0,0
15d.sql,true,90,76,9,5,0,69,7,0,0,0,0,0,83,0,0,0,0,11347,0.0,0.0,0.0,0,0,0,0
15d.sql,true,87,74,10,3,0,67,7,0,0,0,0,0,106,0,0,0,0,11347,0.0,0.0,0.0,0,0,0,0
15d.sql,true,176,82,86,7,1,75,7,0,1,0,0,0,871,0,0,0,0,11347,0.0,0.0,0.0,0,0,0,0
15d.sql,true,156,77,72,7,0,70,7,0,0,0,0,0,737,0,0,0,0,11347,0.0,0.0,0.0,0,0,0,0
15d.sql,false,83,72,7,3,1,66,6,0,1,0,0,0,79,0,0,0,0,11347,0.0,0.0,0.0,0,0,0,0
15c.sql,true,100,97,2,1,0,92,5,0,0,0,0,0,13,0,0,0,0,2271,0.0,0.0,0.0,0,0,0,0
15c.sql,true,97,92,4,1,0,87,5,0,0,0,0,0,14,0,0,0,0,2271,0.0,0.0,0.0,0,0,0,0
15c.sql,true,103,98,3,2,0,93,5,0,0,0,0,0,16,0,0,0,0,2271,0.0,0.0,0.0,0,0,0,0
15c.sql,true,101,96,4,1,0,91,5,0,0,0,0,0,18,0,0,0,0,2271,0.0,0.0,0.0,0,0,0,0
15c.sql,true,100,96,3,1,0,91,5,0,0,0,0,0,14,0,0,0,0,2271,0.0,0.0,0.0,0,0,0,0
15c.sql,false,95,90,4,1,0,84,6,0,0,0,0,0,18,0,0,0,0,2271,0.0,0.0,0.0,0,0,0,0
15b.sql,true,140,138,2,0,0,127,11,0,0,0,0,0,1,0,0,0,0,37,0.0,0.0,0.0,0,0,0,0
15b.sql,true,129,127,2,0,0,117,10,0,0,0,0,0,1,0,0,0,0,37,0.0,0.0,0.0,0,0,0,0
15b.sql,true,140,138,2,0,0,127,11,0,0,0,0,0,1,0,0,0,0,37,0.0,0.0,0.0,0,0,0,0
15b.sql,true,143,140,3,0,0,130,10,0,0,0,0,0,8,0,0,0,0,37,0.0,0.0,0.0,0,0,0,0
15b.sql,true,133,130,2,1,0,120,10,0,0,0,0,0,7,0,0,0,0,37,0.0,0.0,0.0,0,0,0,0
15b.sql,false,144,142,2,0,0,131,11,0,0,0,0,0,7,0,0,0,0,37,0.0,0.0,0.0,0,0,0,0
15a.sql,true,138,135,3,0,0,122,13,0,0,0,0,0,9,0,0,0,0,328,0.0,0.0,0.0,0,0,0,0
15a.sql,true,139,136,3,0,0,122,14,0,0,0,0,0,10,0,0,0,0,328,0.0,0.0,0.0,0,0,0,0
15a.sql,true,139,137,2,0,0,123,14,0,0,0,0,0,11,0,0,0,0,328,0.0,0.0,0.0,0,0,0,0
15a.sql,true,143,140,3,0,0,127,13,0,0,0,0,0,9,0,0,0,0,328,0.0,0.0,0.0,0,0,0,0
15a.sql,true,140,136,3,1,0,124,12,0,0,0,0,0,12,0,0,0,0,328,0.0,0.0,0.0,0,0,0,0
15a.sql,false,140,137,3,0,0,124,13,0,0,0,0,0,9,0,0,0,0,328,0.0,0.0,0.0,0,0,0,0
14c.sql,true,146,132,12,2,0,25,107,0,0,0,0,0,60,0,0,0,0,4115,0.0,0.0,0.0,0,0,0,0
14c.sql,true,140,128,10,2,0,23,105,0,0,0,0,0,55,0,0,0,0,4115,0.0,0.0,0.0,0,0,0,0
14c.sql,true,143,129,13,1,0,24,105,0,0,0,0,0,78,0,0,0,0,4115,0.0,0.0,0.0,0,0,0,0
14c.sql,true,145,132,11,1,0,25,107,0,0,0,0,0,62,0,0,0,0,4115,0.0,0.0,0.0,0,0,0,0
14c.sql,true,140,128,11,1,0,25,103,0,0,0,0,0,59,0,0,0,0,4115,0.0,0.0,0.0,0,0,0,0
14c.sql,false,149,136,12,1,0,25,111,0,0,0,0,0,67,0,0,0,0,4115,0.0,0.0,0.0,0,0,0,0
14b.sql,true,100,99,1,0,0,32,67,0,0,0,0,0,0,0,0,0,0,1,0.0,0.0,0.0,0,0,0,0
14b.sql,true,104,102,1,1,0,32,70,0,0,0,0,0,0,0,0,0,0,1,0.0,0.0,0.0,0,0,0,0
14b.sql,true,105,103,2,0,0,33,70,0,0,0,0,0,0,0,0,0,0,1,0.0,0.0,0.0,0,0,0,0
14b.sql,true,105,104,1,0,0,34,70,0,0,0,0,0,0,0,0,0,0,1,0.0,0.0,0.0,0,0,0,0
14b.sql,true,104,102,1,0,1,34,68,0,1,0,0,0,0,0,0,0,0,1,0.0,0.0,0.0,0,0,0,0
14b.sql,false,107,106,1,0,0,35,71,0,0,0,0,0,0,0,0,0,0,1,0.0,0.0,0.0,0,0,0,0
14a.sql,true,132,123,7,2,0,21,102,0,0,0,0,0,36,0,0,0,0,761,0.0,0.0,0.0,0,0,0,0
14a.sql,true,133,125,8,0,0,21,104,0,0,0,0,0,32,0,0,0,0,761,0.0,0.0,0.0,0,0,0,0
14a.sql,true,130,122,7,1,0,20,102,0,0,0,0,0,35,0,0,0,0,761,0.0,0.0,0.0,0,0,0,0
14a.sql,true,134,125,8,1,0,21,104,0,0,0,0,0,41,0,0,0,0,761,0.0,0.0,0.0,0,0,0,0
14a.sql,true,132,124,8,0,0,20,104,0,0,0,0,0,35,0,0,0,0,761,0.0,0.0,0.0,0,0,0,0
14a.sql,false,128,119,7,1,0,20,99,0,0,0,0,0,33,0,0,0,0,761,0.0,0.0,0.0,0,0,0,0
13d.sql,true,527,5,378,137,7,3,2,0,7,0,0,0,3952,0,0,0,0,670390,0.0,0.0,0.0,0,0,0,0
13d.sql,true,773,4,591,170,7,2,2,0,7,0,0,0,8623,0,0,0,0,670390,0.0,0.0,0.0,0,0,0,0
13d.sql,true,566,5,364,191,6,3,2,0,6,0,0,0,3784,0,0,0,0,670390,0.0,0.0,0.0,0,0,0,0
13d.sql,true,570,5,409,150,6,2,3,0,6,0,0,0,4230,0,0,0,0,670390,0.0,0.0,0.0,0,0,0,0
13d.sql,true,566,4,406,150,6,2,2,0,6,0,0,0,4102,0,0,0,0,670390,0.0,0.0,0.0,0,0,0,0
13d.sql,false,706,5,493,201,7,3,2,0,7,0,0,0,5194,0,0,0,0,670390,0.0,0.0,0.0,0,0,0,0
13c.sql,true,67,64,2,1,0,62,2,0,0,0,0,0,9,0,0,0,0,53,0.0,0.0,0.0,0,0,0,0
13c.sql,true,73,70,3,0,0,67,3,0,0,0,0,0,12,0,0,0,0,53,0.0,0.0,0.0,0,0,0,0
13c.sql,true,64,62,2,0,0,59,3,0,0,0,0,0,9,0,0,0,0,53,0.0,0.0,0.0,0,0,0,0
13c.sql,true,70,68,2,0,0,66,2,0,0,0,0,0,1,0,0,0,0,53,0.0,0.0,0.0,0,0,0,0
13c.sql,true,68,65,2,1,0,62,3,0,0,0,0,0,12,0,0,0,0,53,0.0,0.0,0.0,0,0,0,0
13c.sql,false,65,63,2,0,0,60,3,0,0,0,0,0,1,0,0,0,0,53,0.0,0.0,0.0,0,0,0,0
13b.sql,true,81,77,4,0,0,74,3,0,0,0,0,0,15,0,0,0,0,372,0.0,0.0,0.0,0,0,0,0
13b.sql,true,84,80,4,0,0,78,2,0,0,0,0,0,26,0,0,0,0,372,0.0,0.0,0.0,0,0,0,0
13b.sql,true,85,80,4,0,1,77,3,0,1,0,0,0,23,0,0,0,0,372,0.0,0.0,0.0,0,0,0,0
13b.sql,true,81,77,4,0,0,74,3,0,0,0,0,0,19,0,0,0,0,372,0.0,0.0,0.0,0,0,0,0
13b.sql,true,83,78,4,1,0,75,3,0,0,0,0,0,21,0,0,0,0,372,0.0,0.0,0.0,0,0,0,0
13b.sql,false,84,79,3,2,0,76,3,0,0,0,0,0,18,0,0,0,0,372,0.0,0.0,0.0,0,0,0,0
13a.sql,true,88,2,64,20,2,2,0,0,2,0,0,0,595,0,0,0,0,111101,0.0,0.0,0.0,0,0,0,0
13a.sql,true,86,2,60,23,1,2,0,0,1,0,0,0,603,0,0,0,0,111101,0.0,0.0,0.0,0,0,0,0
13a.sql,true,86,3,60,22,1,2,1,0,1,0,0,0,606,0,0,0,0,111101,0.0,0.0,0.0,0,0,0,0
13a.sql,true,79,2,56,19,2,2,0,0,2,0,0,0,592,0,0,0,0,111101,0.0,0.0,0.0,0,0,0,0
13a.sql,true,131,2,102,26,1,2,0,0,1,0,0,0,975,0,0,0,0,111101,0.0,0.0,0.0,0,0,0,0
13a.sql,false,84,2,57,23,2,2,0,0,2,0,0,0,590,0,0,0,0,111101,0.0,0.0,0.0,0,0,0,0
12c.sql,true,101,59,41,1,0,19,40,0,0,0,0,0,305,0,0,0,0,4711,0.0,0.0,0.0,0,0,0,0
12c.sql,true,107,60,45,2,0,21,39,0,0,0,0,0,376,0,0,0,0,4711,0.0,0.0,0.0,0,0,0,0
12c.sql,true,101,61,38,2,0,20,41,0,0,0,0,0,292,0,0,0,0,4711,0.0,0.0,0.0,0,0,0,0
12c.sql,true,100,59,39,2,0,19,40,0,0,0,0,0,431,0,0,0,0,4711,0.0,0.0,0.0,0,0,0,0
12c.sql,true,153,61,89,3,0,20,41,0,0,0,0,0,901,0,0,0,0,4711,0.0,0.0,0.0,0,0,0,0
12c.sql,false,139,60,76,3,0,20,40,0,0,0,0,0,1462,0,0,0,0,4711,0.0,0.0,0.0,0,0,0,0
12b.sql,true,50,48,2,0,0,46,2,0,0,0,0,0,1,0,0,0,0,10,0.0,0.0,0.0,0,0,0,0
12b.sql,true,49,47,2,0,0,44,3,0,0,0,0,0,1,0,0,0,0,10,0.0,0.0,0.0,0,0,0,0
12b.sql,true,49,45,4,0,0,43,2,0,0,0,0,0,65,0,0,0,0,10,0.0,0.0,0.0,0,0,0,0
12b.sql,true,47,45,1,1,0,43,2,0,0,0,0,0,0,0,0,0,0,10,0.0,0.0,0.0,0,0,0,0
12b.sql,true,48,46,1,1,0,43,3,0,0,0,0,0,1,0,0,0,0,10,0.0,0.0,0.0,0,0,0,0
12b.sql,false,49,47,2,0,0,44,3,0,0,0,0,0,5,0,0,0,0,10,0.0,0.0,0.0,0,0,0,0
12a.sql,true,51,45,6,0,0,17,28,0,0,0,0,0,27,0,0,0,0,397,0.0,0.0,0.0,0,0,0,0
12a.sql,true,49,44,5,0,0,16,28,0,0,0,0,0,20,0,0,0,0,397,0.0,0.0,0.0,0,0,0,0
12a.sql,true,51,45,5,1,0,17,28,0,0,0,0,0,27,0,0,0,0,397,0.0,0.0,0.0,0,0,0,0
12a.sql,true,51,44,7,0,0,17,27,0,0,0,0,0,26,0,0,0,0,397,0.0,0.0,0.0,0,0,0,0
12a.sql,true,51,44,7,0,0,17,27,0,0,0,0,0,28,0,0,0,0,397,0.0,0.0,0.0,0,0,0,0
12a.sql,false,48,43,5,0,0,16,27,0,0,0,0,0,21,0,0,0,0,397,0.0,0.0,0.0,0,0,0,0
11d.sql,true,157,127,23,7,0,25,102,0,0,0,0,0,221,0,0,0,0,14899,0.0,0.0,0.0,0,0,0,0
11d.sql,true,170,131,30,9,0,24,107,0,0,0,0,0,270,0,0,0,0,14899,0.0,0.0,0.0,0,0,0,0
11d.sql,true,167,132,27,8,0,23,109,0,0,0,0,0,208,0,0,0,0,14899,0.0,0.0,0.0,0,0,0,0
11d.sql,true,157,129,19,9,0,24,105,0,0,0,0,0,183,0,0,0,0,14899,0.0,0.0,0.0,0,0,0,0
11d.sql,true,153,122,23,8,0,24,98,0,0,0,0,0,261,0,0,0,0,14899,0.0,0.0,0.0,0,0,0,0
11d.sql,false,144,120,16,8,0,23,97,0,0,0,0,0,113,0,0,0,0,14899,0.0,0.0,0.0,0,0,0,0
11c.sql,true,151,137,11,3,0,32,105,0,0,0,0,0,84,0,0,0,0,6946,0.0,0.0,0.0,0,0,0,0
11c.sql,true,141,126,12,3,0,31,95,0,0,0,0,0,85,0,0,0,0,6946,0.0,0.0,0.0,0,0,0,0
11c.sql,true,165,130,30,5,0,32,98,0,0,0,0,0,450,0,0,0,0,6946,0.0,0.0,0.0,0,0,0,0
11c.sql,true,146,130,12,3,1,32,98,0,1,0,0,0,71,0,0,0,0,6946,0.0,0.0,0.0,0,0,0,0
11c.sql,true,159,142,12,5,0,31,111,0,0,0,0,0,94,0,0,0,0,6946,0.0,0.0,0.0,0,0,0,0
11c.sql,false,144,128,12,4,0,31,97,0,0,0,0,0,69,0,0,0,0,6946,0.0,0.0,0.0,0,0,0,0
11b.sql,true,135,133,1,1,0,24,109,0,0,0,0,0,5,0,0,0,0,14,0.0,0.0,0.0,0,0,0,0
11b.sql,true,124,123,1,0,0,23,100,0,0,0,0,0,0,0,0,0,0,14,0.0,0.0,0.0,0,0,0,0
11b.sql,true,138,137,0,1,0,26,111,0,0,0,0,0,0,0,0,0,0,14,0.0,0.0,0.0,0,0,0,0
11b.sql,true,127,125,1,1,0,23,102,0,0,0,0,0,0,0,0,0,0,14,0.0,0.0,0.0,0,0,0,0
11b.sql,true,138,137,1,0,0,23,114,0,0,0,0,0,0,0,0,0,0,14,0.0,0.0,0.0,0,0,0,0
11b.sql,false,140,138,1,1,0,24,114,0,0,0,0,0,0,0,0,0,0,14,0.0,0.0,0.0,0,0,0,0
11a.sql,true,142,137,4,1,0,31,106,0,0,0,0,0,118,0,0,0,0,310,0.0,0.0,0.0,0,0,0,0
11a.sql,true,152,146,5,1,0,31,115,0,0,0,0,0,50,0,0,0,0,310,0.0,0.0,0.0,0,0,0,0
11a.sql,true,147,142,4,1,0,32,110,0,0,0,0,0,70,0,0,0,0,310,0.0,0.0,0.0,0,0,0,0
11a.sql,true,150,145,4,1,0,32,113,0,0,0,0,0,32,0,0,0,0,310,0.0,0.0,0.0,0,0,0,0
11a.sql,true,139,134,5,0,0,33,101,0,0,0,0,0,26,0,0,0,0,310,0.0,0.0,0.0,0,0,0,0
11a.sql,false,150,145,3,1,0,32,113,0,0,0,0,0,10,0,0,0,0,310,0.0,0.0,0.0,0,0,0,0
10c.sql,true,458,350,107,1,0,235,115,0,0,0,0,0,4335,0,0,0,0,10,0.0,0.0,0.0,0,0,0,0
10c.sql,true,476,344,131,1,0,222,122,0,0,0,0,0,5592,0,0,0,0,10,0.0,0.0,0.0,0,0,0,0
10c.sql,true,1812,348,1464,0,0,231,117,0,0,0,0,0,12526,0,0,0,0,10,0.0,0.0,0.0,0,0,0,0
10c.sql,true,579,335,244,0,0,217,118,0,0,0,0,0,6328,0,0,0,0,10,0.0,0.0,0.0,0,0,0,0
10c.sql,true,573,335,238,0,0,219,116,0,0,0,0,0,6373,0,0,0,0,10,0.0,0.0,0.0,0,0,0,0
10c.sql,false,621,344,277,0,0,226,118,0,0,0,0,0,6672,0,0,0,0,10,0.0,0.0,0.0,0,0,0,0
10b.sql,true,331,330,1,0,0,217,113,0,0,0,0,0,0,0,0,0,0,0,0.0,0.0,0.0,0,0,0,0
10b.sql,true,363,362,0,1,0,245,117,0,0,0,0,0,0,0,0,0,0,0,0.0,0.0,0.0,0,0,0,0
10b.sql,true,338,337,1,0,0,223,114,0,0,0,0,0,0,0,0,0,0,0,0.0,0.0,0.0,0,0,0,0
10b.sql,true,337,336,0,0,0,221,115,0,0,0,0,0,0,0,0,0,0,0,0.0,0.0,0.0,0,0,0,0
10b.sql,true,331,330,0,1,0,212,118,0,0,0,0,0,0,0,0,0,0,0,0.0,0.0,0.0,0,0,0,0
10b.sql,false,317,317,0,0,0,204,113,0,0,0,0,0,0,0,0,0,0,0,0.0,0.0,0.0,0,0,0,0
10a.sql,true,242,236,4,1,0,229,7,0,0,0,0,0,13,0,0,0,0,104,0.0,0.0,0.0,0,0,0,0
10a.sql,true,266,255,11,0,0,248,7,0,0,0,0,0,121,0,0,0,0,104,0.0,0.0,0.0,0,0,0,0
10a.sql,true,256,247,8,0,1,240,7,0,1,0,0,0,80,0,0,0,0,104,0.0,0.0,0.0,0,0,0,0
10a.sql,true,250,241,9,0,0,233,8,0,0,0,0,0,90,0,0,0,0,104,0.0,0.0,0.0,0,0,0,0
10a.sql,true,249,240,8,0,0,234,6,0,0,0,0,0,79,0,0,0,0,104,0.0,0.0,0.0,0,0,0,0
10a.sql,false,253,244,9,0,0,236,8,0,0,0,0,0,139,0,0,0,0,104,0.0,0.0,0.0,0,0,0,0
09d.sql,true,1421,97,1091,228,5,14,83,0,5,0,0,0,9368,0,0,0,0,483082,0.0,0.0,0.0,0,0,0,0
09d.sql,true,1199,83,870,241,5,11,72,0,5,0,0,0,7490,0,0,0,0,483082,0.0,0.0,0.0,0,0,0,0
09d.sql,true,381,82,148,145,6,10,72,0,6,0,0,0,1606,0,0,0,0,483082,0.0,0.0,0.0,0,0,0,0
09d.sql,true,381,81,172,122,6,10,71,0,6,0,0,0,2189,0,0,0,0,483082,0.0,0.0,0.0,0,0,0,0
09d.sql,true,1255,82,998,168,7,11,71,0,7,0,0,0,8108,0,0,0,0,483082,0.0,0.0,0.0,0,0,0,0
09d.sql,false,325,81,122,115,7,12,69,0,7,0,0,0,1982,0,0,0,0,483082,0.0,0.0,0.0,0,0,0,0
09c.sql,true,131,95,31,5,0,24,71,0,0,0,0,0,233,0,0,0,0,8144,0.0,0.0,0.0,0,0,0,0
09c.sql,true,148,112,30,6,0,31,81,0,0,0,0,0,242,0,0,0,0,8144,0.0,0.0,0.0,0,0,0,0
09c.sql,true,150,114,32,4,0,31,83,0,0,0,0,0,230,0,0,0,0,8144,0.0,0.0,0.0,0,0,0,0
09c.sql,true,149,114,31,4,0,30,84,0,0,0,0,0,252,0,0,0,0,8144,0.0,0.0,0.0,0,0,0,0
09c.sql,true,149,114,29,6,0,31,83,0,0,0,0,0,240,0,0,0,0,8144,0.0,0.0,0.0,0,0,0,0
09c.sql,false,152,115,32,4,1,31,84,0,1,0,0,0,236,0,0,0,0,8144,0.0,0.0,0.0,0,0,0,0
09b.sql,true,192,185,5,1,0,93,92,0,0,0,0,0,36,0,0,0,0,40,0.0,0.0,0.0,0,0,0,0
09b.sql,true,189,183,5,0,1,93,90,0,1,0,0,0,31,0,0,0,0,40,0.0,0.0,0.0,0,0,0,0
09b.sql,true,182,177,5,0,0,89,88,0,0,0,0,0,29,0,0,0,0,40,0.0,0.0,0.0,0,0,0,0
09b.sql,true,190,185,5,0,0,91,94,0,0,0,0,0,29,0,0,0,0,40,0.0,0.0,0.0,0,0,0,0
09b.sql,true,188,182,6,0,0,90,92,0,0,0,0,0,33,0,0,0,0,40,0.0,0.0,0.0,0,0,0,0
09b.sql,false,188,182,6,0,0,91,91,0,0,0,0,0,34,0,0,0,0,40,0.0,0.0,0.0,0,0,0,0
09a.sql,true,226,218,6,1,0,85,133,0,0,0,0,0,39,0,0,0,0,121,0.0,0.0,0.0,0,0,0,0
09a.sql,true,229,221,6,2,0,85,136,0,0,0,0,0,40,0,0,0,0,121,0.0,0.0,0.0,0,0,0,0
09a.sql,true,236,228,7,1,0,91,137,0,0,0,0,0,38,0,0,0,0,121,0.0,0.0,0.0,0,0,0,0
09a.sql,true,232,224,7,1,0,91,133,0,0,0,0,0,42,0,0,0,0,121,0.0,0.0,0.0,0,0,0,0
09a.sql,true,229,222,7,0,0,90,132,0,0,0,0,0,40,0,0,0,0,121,0.0,0.0,0.0,0,0,0,0
09a.sql,false,230,223,7,0,0,84,139,0,0,0,0,0,34,0,0,0,0,121,0.0,0.0,0.0,0,0,0,0
08d.sql,true,204,4,125,73,2,1,3,0,2,0,0,0,1496,0,0,0,0,323005,0.0,0.0,0.0,0,0,0,0
08d.sql,true,215,4,112,96,3,1,3,0,3,0,0,0,1158,0,0,0,0,323005,0.0,0.0,0.0,0,0,0,0
08d.sql,true,196,4,109,80,2,2,2,0,2,0,0,0,1204,0,0,0,0,323005,0.0,0.0,0.0,0,0,0,0
08d.sql,true,253,4,190,57,2,1,3,0,2,0,0,0,2240,0,0,0,0,323005,0.0,0.0,0.0,0,0,0,0
08d.sql,true,196,3,128,61,3,1,2,0,3,0,0,0,1697,0,0,0,0,323005,0.0,0.0,0.0,0,0,0,0
08d.sql,false,762,4,516,239,3,1,3,0,3,0,0,0,11758,0,0,0,0,323005,0.0,0.0,0.0,0,0,0,0
08c.sql,true,3028,3,2309,699,17,1,2,0,17,0,0,0,23312,0,0,0,0,2487611,0.0,0.0,0.0,0,0,0,0
08c.sql,true,3698,3,2441,1237,17,1,2,0,17,0,0,0,36342,0,0,0,0,2487611,0.0,0.0,0.0,0,0,0,0
08c.sql,true,2558,3,1874,664,17,1,2,0,17,0,0,0,18922,0,0,0,0,2487611,0.0,0.0,0.0,0,0,0,0
08c.sql,true,1989,3,1427,542,17,1,2,0,17,0,0,0,13211,0,0,0,0,2487611,0.0,0.0,0.0,0,0,0,0
08c.sql,true,1968,4,1269,679,16,1,3,0,16,0,0,0,45935,0,0,0,0,2487611,0.0,0.0,0.0,0,0,0,0
08c.sql,false,2951,3,2528,407,13,1,2,0,13,0,0,0,26128,0,0,0,0,2487611,0.0,0.0,0.0,0,0,0,0
08b.sql,true,152,151,0,0,0,142,9,0,0,0,0,0,0,0,0,0,0,6,0.0,0.0,0.0,0,0,0,0
08b.sql,true,144,142,1,0,0,133,9,0,0,0,0,0,1,0,0,0,0,6,0.0,0.0,0.0,0,0,0,0
08b.sql,true,159,158,1,0,0,149,9,0,0,0,0,0,0,0,0,0,0,6,0.0,0.0,0.0,0,0,0,0
08b.sql,true,147,146,1,0,0,135,11,0,0,0,0,0,0,0,0,0,0,6,0.0,0.0,0.0,0,0,0,0
08b.sql,true,155,153,1,1,0,144,9,0,0,0,0,0,1,0,0,0,0,6,0.0,0.0,0.0,0,0,0,0
08b.sql,false,152,150,1,1,0,141,9,0,0,0,0,0,0,0,0,0,0,6,0.0,0.0,0.0,0,0,0,0
08a.sql,true,143,130,13,0,0,115,15,0,0,0,0,0,87,0,0,0,0,62,0.0,0.0,0.0,0,0,0,0
08a.sql,true,139,125,13,1,0,111,14,0,0,0,0,0,94,0,0,0,0,62,0.0,0.0,0.0,0,0,0,0
08a.sql,true,148,135,13,0,0,120,15,0,0,0,0,0,93,0,0,0,0,62,0.0,0.0,0.0,0,0,0,0
08a.sql,true,136,123,13,0,0,110,13,0,0,0,0,0,93,0,0,0,0,62,0.0,0.0,0.0,0,0,0,0
08a.sql,true,136,122,13,0,1,108,14,0,1,0,0,0,95,0,0,0,0,62,0.0,0.0,0.0,0,0,0,0
08a.sql,false,137,125,12,0,0,110,15,0,0,0,0,0,92,0,0,0,0,62,0.0,0.0,0.0,0,0,0,0
07c.sql,true,304,133,147,24,0,91,42,0,0,0,0,0,2761,0,0,0,0,68185,0.0,0.0,0.0,0,0,0,0
07c.sql,true,304,146,145,12,1,104,42,0,1,0,0,0,1211,0,0,0,0,68185,0.0,0.0,0.0,0,0,0,0
07c.sql,true,291,128,148,14,1,88,40,0,1,0,0,0,1043,0,0,0,0,68185,0.0,0.0,0.0,0,0,0,0
07c.sql,true,344,137,192,15,0,95,42,0,0,0,0,0,1469,0,0,0,0,68185,0.0,0.0,0.0,0,0,0,0
07c.sql,true,500,136,340,24,0,94,42,0,0,0,0,0,5845,0,0,0,0,68185,0.0,0.0,0.0,0,0,0,0
07c.sql,false,314,148,152,13,1,106,42,0,1,0,0,0,1206,0,0,0,0,68185,0.0,0.0,0.0,0,0,0,0
07b.sql,true,78,76,2,0,0,40,36,0,0,0,0,0,12,0,0,0,0,16,0.0,0.0,0.0,0,0,0,0
07b.sql,true,77,75,2,0,0,40,35,0,0,0,0,0,1,0,0,0,0,16,0.0,0.0,0.0,0,0,0,0
07b.sql,true,79,76,2,1,0,41,35,0,0,0,0,0,10,0,0,0,0,16,0.0,0.0,0.0,0,0,0,0
07b.sql,true,84,81,3,0,0,44,37,0,0,0,0,0,10,0,0,0,0,16,0.0,0.0,0.0,0,0,0,0
07b.sql,true,78,76,1,1,0,41,35,0,0,0,0,0,1,0,0,0,0,16,0.0,0.0,0.0,0,0,0,0
07b.sql,false,78,75,3,0,0,40,35,0,0,0,0,0,17,0,0,0,0,16,0.0,0.0,0.0,0,0,0,0
07a.sql,true,113,110,2,1,0,76,34,0,0,0,0,0,18,0,0,0,0,32,0.0,0.0,0.0,0,0,0,0
07a.sql,true,121,119,2,0,0,86,33,0,0,0,0,0,9,0,0,0,0,32,0.0,0.0,0.0,0,0,0,0
07a.sql,true,119,116,2,1,0,84,32,0,0,0,0,0,12,0,0,0,0,32,0.0,0.0,0.0,0,0,0,0
07a.sql,true,116,114,2,0,0,80,34,0,0,0,0,0,7,0,0,0,0,32,0.0,0.0,0.0,0,0,0,0
07a.sql,true,122,120,2,0,0,86,34,0,0,0,0,0,7,0,0,0,0,32,0.0,0.0,0.0,0,0,0,0
07a.sql,false,119,113,6,0,0,79,34,0,0,0,0,0,146,0,0,0,0,32,0.0,0.0,0.0,0,0,0,0
06f.sql,true,302,12,151,132,7,10,2,0,7,0,0,0,710,0,0,0,0,785477,0.0,0.0,0.0,0,0,0,0
06f.sql,true,348,12,141,188,7,10,2,0,7,0,0,0,710,0,0,0,0,785477,0.0,0.0,0.0,0,0,0,0
06f.sql,true,326,12,142,165,6,10,2,0,6,0,0,0,709,0,0,0,0,785477,0.0,0.0,0.0,0,0,0,0
06f.sql,true,280,12,140,122,6,11,1,0,6,0,0,0,710,0,0,0,0,785477,0.0,0.0,0.0,0,0,0,0
06f.sql,true,328,12,147,163,6,10,2,0,6,0,0,0,713,0,0,0,0,785477,0.0,0.0,0.0,0,0,0,0
06f.sql,false,328,11,144,168,5,10,1,0,5,0,0,0,766,0,0,0,0,785477,0.0,0.0,0.0,0,0,0,0
06e.sql,true,184,181,3,0,0,179,2,0,0,0,0,0,1,0,0,0,0,6,0.0,0.0,0.0,0,0,0,0
06e.sql,true,182,179,3,0,0,177,2,0,0,0,0,0,1,0,0,0,0,6,0.0,0.0,0.0,0,0,0,0
06e.sql,true,196,193,2,1,0,191,2,0,0,0,0,0,1,0,0,0,0,6,0.0,0.0,0.0,0,0,0,0
06e.sql,true,184,181,2,0,1,179,2,0,1,0,0,0,1,0,0,0,0,6,0.0,0.0,0.0,0,0,0,0
06e.sql,true,190,187,2,1,0,185,2,0,0,0,0,0,1,0,0,0,0,6,0.0,0.0,0.0,0,0,0,0
06e.sql,false,185,183,2,0,0,181,2,0,0,0,0,0,1,0,0,0,0,6,0.0,0.0,0.0,0,0,0,0
06d.sql,true,184,181,1,0,0,179,2,0,0,0,0,0,6,0,0,0,0,88,0.0,0.0,0.0,0,0,0,0
06d.sql,true,181,179,2,0,0,177,2,0,0,0,0,0,3,0,0,0,0,88,0.0,0.0,0.0,0,0,0,0
06d.sql,true,181,178,2,0,0,176,2,0,0,0,0,0,6,0,0,0,0,88,0.0,0.0,0.0,0,0,0,0
06d.sql,true,181,179,2,0,0,176,3,0,0,0,0,0,4,0,0,0,0,88,0.0,0.0,0.0,0,0,0,0
06d.sql,true,190,188,2,0,0,186,2,0,0,0,0,0,4,0,0,0,0,88,0.0,0.0,0.0,0,0,0,0
06d.sql,false,188,186,2,0,0,184,2,0,0,0,0,0,4,0,0,0,0,88,0.0,0.0,0.0,0,0,0,0
06c.sql,true,179,178,1,0,0,178,0,0,0,0,0,0,0,0,0,0,0,2,0.0,0.0,0.0,0,0,0,0
06c.sql,true,183,183,0,0,0,182,1,0,0,0,0,0,0,0,0,0,0,2,0.0,0.0,0.0,0,0,0,0
06c.sql,true,168,167,1,0,0,167,0,0,0,0,0,0,0,0,0,0,0,2,0.0,0.0,0.0,0,0,0,0
06c.sql,true,172,172,0,0,0,171,1,0,0,0,0,0,0,0,0,0,0,2,0.0,0.0,0.0,0,0,0,0
06c.sql,true,178,177,1,0,0,176,1,0,0,0,0,0,0,0,0,0,0,2,0.0,0.0,0.0,0,0,0,0
06c.sql,false,177,176,1,0,0,176,0,0,0,0,0,0,0,0,0,0,0,2,0.0,0.0,0.0,0,0,0,0
06b.sql,true,173,172,1,0,0,172,0,0,0,0,0,0,0,0,0,0,0,12,0.0,0.0,0.0,0,0,0,0
06b.sql,true,174,173,1,0,0,172,1,0,0,0,0,0,1,0,0,0,0,12,0.0,0.0,0.0,0,0,0,0
06b.sql,true,172,169,2,1,0,169,0,0,0,0,0,0,4,0,0,0,0,12,0.0,0.0,0.0,0,0,0,0
06b.sql,true,183,182,1,0,0,182,0,0,0,0,0,0,0,0,0,0,0,12,0.0,0.0,0.0,0,0,0,0
06b.sql,true,179,177,1,1,0,177,0,0,0,0,0,0,0,0,0,0,0,12,0.0,0.0,0.0,0,0,0,0
06b.sql,false,181,179,1,1,0,179,0,0,0,0,0,0,0,0,0,0,0,12,0.0,0.0,0.0,0,0,0,0
06a.sql,true,180,177,3,0,0,176,1,0,0,0,0,0,1,0,0,0,0,6,0.0,0.0,0.0,0,0,0,0
06a.sql,true,188,186,2,0,0,185,1,0,0,0,0,0,1,0,0,0,0,6,0.0,0.0,0.0,0,0,0,0
06a.sql,true,177,174,2,0,0,173,1,0,0,0,0,0,1,0,0,0,0,6,0.0,0.0,0.0,0,0,0,0
06a.sql,true,179,177,2,0,0,176,1,0,0,0,0,0,1,0,0,0,0,6,0.0,0.0,0.0,0,0,0,0
06a.sql,true,187,185,2,0,0,184,1,0,0,0,0,0,1,0,0,0,0,6,0.0,0.0,0.0,0,0,0,0
06a.sql,false,180,178,2,0,0,177,1,0,0,0,0,0,1,0,0,0,0,6,0.0,0.0,0.0,0,0,0,0
05c.sql,true,133,131,1,1,0,64,67,0,0,0,0,0,2,0,0,0,0,669,0.0,0.0,0.0,0,0,0,0
05c.sql,true,136,134,2,0,0,66,68,0,0,0,0,0,2,0,0,0,0,669,0.0,0.0,0.0,0,0,0,0
05c.sql,true,140,138,1,1,0,69,69,0,0,0,0,0,2,0,0,0,0,669,0.0,0.0,0.0,0,0,0,0
05c.sql,true,142,140,1,1,0,72,68,0,0,0,0,0,2,0,0,0,0,669,0.0,0.0,0.0,0,0,0,0
05c.sql,true,138,136,2,0,0,69,67,0,0,0,0,0,2,0,0,0,0,669,0.0,0.0,0.0,0,0,0,0
05c.sql,false,135,133,1,1,0,65,68,0,0,0,0,0,2,0,0,0,0,669,0.0,0.0,0.0,0,0,0,0
05b.sql,true,87,86,0,1,0,45,41,0,0,0,0,0,0,0,0,0,0,0,0.0,0.0,0.0,0,0,0,0
05b.sql,true,81,81,0,0,0,42,39,0,0,0,0,0,0,0,0,0,0,0,0.0,0.0,0.0,0,0,0,0
05b.sql,true,80,80,0,0,0,39,41,0,0,0,0,0,0,0,0,0,0,0,0.0,0.0,0.0,0,0,0,0
05b.sql,true,82,81,1,0,0,41,40,0,0,0,0,0,0,0,0,0,0,0,0.0,0.0,0.0,0,0,0,0
05b.sql,true,84,84,0,0,0,43,41,0,0,0,0,0,0,0,0,0,0,0,0.0,0.0,0.0,0,0,0,0
05b.sql,false,79,79,0,0,0,40,39,0,0,0,0,0,0,0,0,0,0,0,0.0,0.0,0.0,0,0,0,0
05a.sql,true,62,62,0,0,0,47,15,0,0,0,0,0,0,0,0,0,0,0,0.0,0.0,0.0,0,0,0,0
05a.sql,true,60,59,0,0,1,45,14,0,1,0,0,0,0,0,0,0,0,0,0.0,0.0,0.0,0,0,0,0
05a.sql,true,58,58,0,0,0,43,15,0,0,0,0,0,0,0,0,0,0,0,0.0,0.0,0.0,0,0,0,0
05a.sql,true,57,57,0,0,0,43,14,0,0,0,0,0,0,0,0,0,0,0,0.0,0.0,0.0,0,0,0,0
05a.sql,true,60,60,0,0,0,46,14,0,0,0,0,0,0,0,0,0,0,0,0.0,0.0,0.0,0,0,0,0
05a.sql,false,61,60,0,1,0,44,16,0,0,0,0,0,0,0,0,0,0,0,0.0,0.0,0.0,0,0,0,0
04c.sql,true,70,63,5,2,0,19,44,0,0,0,0,0,19,0,0,0,0,4700,0.0,0.0,0.0,0,0,0,0
04c.sql,true,70,64,4,2,0,21,43,0,0,0,0,0,18,0,0,0,0,4700,0.0,0.0,0.0,0,0,0,0
04c.sql,true,67,61,5,1,0,20,41,0,0,0,0,0,21,0,0,0,0,4700,0.0,0.0,0.0,0,0,0,0
04c.sql,true,67,61,4,2,0,21,40,0,0,0,0,0,18,0,0,0,0,4700,0.0,0.0,0.0,0,0,0,0
04c.sql,true,67,61,4,2,0,20,41,0,0,0,0,0,18,0,0,0,0,4700,0.0,0.0,0.0,0,0,0,0
04c.sql,false,66,60,5,1,0,20,40,0,0,0,0,0,19,0,0,0,0,4700,0.0,0.0,0.0,0,0,0,0
04b.sql,true,14,13,1,0,0,11,2,0,0,0,0,0,1,0,0,0,0,6,0.0,0.0,0.0,0,0,0,0
04b.sql,true,14,12,1,0,0,11,1,0,0,0,0,0,2,0,0,0,0,6,0.0,0.0,0.0,0,0,0,0
04b.sql,true,12,10,2,0,0,9,1,0,0,0,0,0,2,0,0,0,0,6,0.0,0.0,0.0,0,0,0,0
04b.sql,true,12,11,1,0,0,9,2,0,0,0,0,0,2,0,0,0,0,6,0.0,0.0,0.0,0,0,0,0
04b.sql,true,13,12,1,0,0,10,2,0,0,0,0,0,2,0,0,0,0,6,0.0,0.0,0.0,0,0,0,0
04b.sql,false,14,12,2,0,0,10,2,0,0,0,0,0,20,0,0,0,0,6,0.0,0.0,0.0,0,0,0,0
04a.sql,true,54,50,3,1,0,17,33,0,0,0,0,0,10,0,0,0,0,740,0.0,0.0,0.0,0,0,0,0
04a.sql,true,50,46,4,0,0,16,30,0,0,0,0,0,10,0,0,0,0,740,0.0,0.0,0.0,0,0,0,0
04a.sql,true,51,46,3,2,0,17,29,0,0,0,0,0,10,0,0,0,0,740,0.0,0.0,0.0,0,0,0,0
04a.sql,true,50,46,3,1,0,16,30,0,0,0,0,0,12,0,0,0,0,740,0.0,0.0,0.0,0,0,0,0
04a.sql,true,51,46,4,1,0,17,29,0,0,0,0,0,12,0,0,0,0,740,0.0,0.0,0.0,0,0,0,0
04a.sql,false,50,46,3,1,0,16,30,0,0,0,0,0,12,0,0,0,0,740,0.0,0.0,0.0,0,0,0,0
03c.sql,true,75,68,5,2,0,20,48,0,0,0,0,0,16,0,0,0,0,7250,0.0,0.0,0.0,0,0,0,0
03c.sql,true,77,70,5,2,0,21,49,0,0,0,0,0,15,0,0,0,0,7250,0.0,0.0,0.0,0,0,0,0
03c.sql,true,73,67,5,1,0,22,45,0,0,0,0,0,15,0,0,0,0,7250,0.0,0.0,0.0,0,0,0,0
03c.sql,true,75,67,5,3,0,21,46,0,0,0,0,0,16,0,0,0,0,7250,0.0,0.0,0.0,0,0,0,0
03c.sql,true,74,67,5,2,0,21,46,0,0,0,0,0,15,0,0,0,0,7250,0.0,0.0,0.0,0,0,0,0
03c.sql,false,76,68,4,4,0,21,47,0,0,0,0,0,15,0,0,0,0,7250,0.0,0.0,0.0,0,0,0,0
03b.sql,true,12,11,1,0,0,9,2,0,0,0,0,0,10,0,0,0,0,5,0.0,0.0,0.0,0,0,0,0
03b.sql,true,12,11,1,0,0,10,1,0,0,0,0,0,10,0,0,0,0,5,0.0,0.0,0.0,0,0,0,0
03b.sql,true,11,10,1,0,0,9,1,0,0,0,0,0,9,0,0,0,0,5,0.0,0.0,0.0,0,0,0,0
03b.sql,true,11,10,1,0,0,9,1,0,0,0,0,0,9,0,0,0,0,5,0.0,0.0,0.0,0,0,0,0
03b.sql,true,11,10,1,0,0,9,1,0,0,0,0,0,10,0,0,0,0,5,0.0,0.0,0.0,0,0,0,0
03b.sql,false,10,9,1,0,0,8,1,0,0,0,0,0,9,0,0,0,0,5,0.0,0.0,0.0,0,0,0,0
03a.sql,true,28,24,4,0,0,14,10,0,0,0,0,0,9,0,0,0,0,206,0.0,0.0,0.0,0,0,0,0
03a.sql,true,33,24,8,0,1,13,11,0,1,0,0,0,74,0,0,0,0,206,0.0,0.0,0.0,0,0,0,0
03a.sql,true,35,25,9,1,0,14,11,0,0,0,0,0,89,0,0,0,0,206,0.0,0.0,0.0,0,0,0,0
03a.sql,true,28,25,3,0,0,14,11,0,0,0,0,0,9,0,0,0,0,206,0.0,0.0,0.0,0,0,0,0
03a.sql,true,29,25,4,0,0,14,11,0,0,0,0,0,9,0,0,0,0,206,0.0,0.0,0.0,0,0,0,0
03a.sql,false,31,26,4,1,0,16,10,0,0,0,0,0,9,0,0,0,0,206,0.0,0.0,0.0,0,0,0,0
02d.sql,true,45,3,24,18,0,1,2,0,0,0,0,0,164,0,0,0,0,68316,0.0,0.0,0.0,0,0,0,0
02d.sql,true,37,3,23,11,0,1,2,0,0,0,0,0,152,0,0,0,0,68316,0.0,0.0,0.0,0,0,0,0
02d.sql,true,44,3,23,18,0,1,2,0,0,0,0,0,156,0,0,0,0,68316,0.0,0.0,0.0,0,0,0,0
02d.sql,true,40,4,22,13,0,1,3,0,0,0,0,0,152,0,0,0,0,68316,0.0,0.0,0.0,0,0,0,0
02d.sql,true,39,3,21,15,0,1,2,0,0,0,0,0,162,0,0,0,0,68316,0.0,0.0,0.0,0,0,0,0
02d.sql,false,39,3,21,15,0,1,2,0,0,0,0,0,175,0,0,0,0,68316,0.0,0.0,0.0,0,0,0,0
02c.sql,true,1,1,0,0,0,1,0,0,0,0,0,0,0,0,0,0,0,0,0.0,0.0,0.0,0,0,0,0
02c.sql,true,1,1,0,0,0,0,1,0,0,0,0,0,0,0,0,0,0,0,0.0,0.0,0.0,0,0,0,0
02c.sql,true,1,0,1,0,0,0,0,0,0,0,0,0,0,0,0,0,0,0,0.0,0.0,0.0,0,0,0,0
02c.sql,true,1,1,0,0,0,1,0,0,0,0,0,0,0,0,0,0,0,0,0.0,0.0,0.0,0,0,0,0
02c.sql,true,2,1,1,0,0,1,0,0,0,0,0,0,0,0,0,0,0,0,0.0,0.0,0.0,0,0,0,0
02c.sql,false,2,1,1,0,0,1,0,0,0,0,0,0,0,0,0,0,0,0,0.0,0.0,0.0,0,0,0,0
02b.sql,true,28,0,26,1,0,0,0,0,0,0,0,0,205,0,0,0,0,5228,0.0,0.0,0.0,0,0,0,0
02b.sql,true,19,1,17,1,0,1,0,0,0,0,0,0,155,0,0,0,0,5228,0.0,0.0,0.0,0,0,0,0
02b.sql,true,20,1,17,2,0,1,0,0,0,0,0,0,140,0,0,0,0,5228,0.0,0.0,0.0,0,0,0,0
02b.sql,true,20,1,17,2,0,1,0,0,0,0,0,0,182,0,0,0,0,5228,0.0,0.0,0.0,0,0,0,0
02b.sql,true,19,1,17,1,0,0,1,0,0,0,0,0,141,0,0,0,0,5228,0.0,0.0,0.0,0,0,0,0
02b.sql,false,18,1,16,1,0,1,0,0,0,0,0,0,134,0,0,0,0,5228,0.0,0.0,0.0,0,0,0,0
02a.sql,true,20,1,17,2,0,0,1,0,0,0,0,0,132,0,0,0,0,7834,0.0,0.0,0.0,0,0,0,0
02a.sql,true,19,1,16,2,0,1,0,0,0,0,0,0,140,0,0,0,0,7834,0.0,0.0,0.0,0,0,0,0
02a.sql,true,18,1,16,1,0,1,0,0,0,0,0,0,129,0,0,0,0,7834,0.0,0.0,0.0,0,0,0,0
02a.sql,true,19,2,14,3,0,1,1,0,0,0,0,0,124,0,0,0,0,7834,0.0,0.0,0.0,0,0,0,0
02a.sql,true,18,1,15,2,0,1,0,0,0,0,0,0,126,0,0,0,0,7834,0.0,0.0,0.0,0,0,0,0
02a.sql,false,18,1,15,2,0,1,0,0,0,0,0,0,123,0,0,0,0,7834,0.0,0.0,0.0,0,0,0,0
01d.sql,true,106,105,0,1,0,29,76,0,0,0,0,0,0,0,0,0,0,4,0.0,0.0,0.0,0,0,0,0
01d.sql,true,101,100,1,0,0,29,71,0,0,0,0,0,0,0,0,0,0,4,0.0,0.0,0.0,0,0,0,0
01d.sql,true,105,104,0,0,0,30,74,0,0,0,0,0,0,0,0,0,0,4,0.0,0.0,0.0,0,0,0,0
01d.sql,true,105,104,1,0,0,28,76,0,0,0,0,0,0,0,0,0,0,4,0.0,0.0,0.0,0,0,0,0
01d.sql,true,100,100,0,0,0,28,72,0,0,0,0,0,0,0,0,0,0,4,0.0,0.0,0.0,0,0,0,0
01d.sql,false,90,89,0,0,0,28,61,0,0,0,0,0,0,0,0,0,0,4,0.0,0.0,0.0,0,0,0,0
01c.sql,true,40,39,1,0,0,37,2,0,0,0,0,0,0,0,0,0,0,3,0.0,0.0,0.0,0,0,0,0
01c.sql,true,39,38,0,0,0,36,2,0,0,0,0,0,0,0,0,0,0,3,0.0,0.0,0.0,0,0,0,0
01c.sql,true,39,38,1,0,0,35,3,0,0,0,0,0,0,0,0,0,0,3,0.0,0.0,0.0,0,0,0,0
01c.sql,true,38,38,0,0,0,35,3,0,0,0,0,0,0,0,0,0,0,3,0.0,0.0,0.0,0,0,0,0
01c.sql,true,33,33,0,0,0,30,3,0,0,0,0,0,0,0,0,0,0,3,0.0,0.0,0.0,0,0,0,0
01c.sql,false,35,34,1,0,0,32,2,0,0,0,0,0,0,0,0,0,0,3,0.0,0.0,0.0,0,0,0,0
01b.sql,true,101,100,0,1,0,30,70,0,0,0,0,0,0,0,0,0,0,3,0.0,0.0,0.0,0,0,0,0
01b.sql,true,101,100,1,0,0,30,70,0,0,0,0,0,0,0,0,0,0,3,0.0,0.0,0.0,0,0,0,0
01b.sql,true,96,95,1,0,0,27,68,0,0,0,0,0,0,0,0,0,0,3,0.0,0.0,0.0,0,0,0,0
01b.sql,true,98,97,1,0,0,29,68,0,0,0,0,0,0,0,0,0,0,3,0.0,0.0,0.0,0,0,0,0
01b.sql,true,97,96,0,0,0,31,65,0,0,0,0,0,0,0,0,0,0,3,0.0,0.0,0.0,0,0,0,0
01b.sql,false,102,101,0,0,0,29,72,0,0,0,0,0,0,0,0,0,0,3,0.0,0.0,0.0,0,0,0,0
01a.sql,true,52,51,1,0,0,48,3,0,0,0,0,0,0,0,0,0,0,142,0.0,0.0,0.0,0,0,0,0
01a.sql,true,49,48,1,0,0,45,3,0,0,0,0,0,0,0,0,0,0,142,0.0,0.0,0.0,0,0,0,0
01a.sql,true,47,46,1,0,0,43,3,0,0,0,0,0,0,0,0,0,0,142,0.0,0.0,0.0,0,0,0,0
01a.sql,true,49,47,0,2,0,45,2,0,0,0,0,0,0,0,0,0,0,142,0.0,0.0,0.0,0,0,0,0
01a.sql,true,49,48,1,0,0,44,4,0,0,0,0,0,0,0,0,0,0,142,0.0,0.0,0.0,0,0,0,0
01a.sql,false,50,49,1,0,0,46,3,0,0,0,0,0,0,0,0,0,0,142,0.0,0.0,0.0,0,0,0,0
