datetime,Global_active_power-R
2007-07-01 00:00:00,2.6293333
2007-07-01 00:15:00,2.676
2007-07-01 00:30:00,2.5649333
2007-07-01 00:45:00,2.1046667
2007-07-01 01:00:00,0.9713333
2007-07-01 01:15:00,2.2254667
2007-07-01 01:30:00,0.48466668
2007-07-01 01:45:00,0.28213334
2007-07-01 02:00:00,0.38413334
2007-07-01 02:15:00,0.6104
2007-07-01 02:30:00,1.8831999
2007-07-01 02:45:00,0.28186667
2007-07-01 03:00:00,0.32413334
2007-07-01 03:15:00,0.228
2007-07-01 03:30:00,0.26613334
2007-07-01 03:45:00,0.3316
2007-07-01 04:00:00,0.50053334
2007-07-01 04:15:00,0.51986665
2007-07-01 04:30:00,0.492
2007-07-01 04:45:00,0.54973334
2007-07-01 05:00:00,0.5165333
2007-07-01 05:15:00,0.4552
2007-07-01 05:30:00,0.50853336
2007-07-01 05:45:00,0.48666668
2007-07-01 06:00:00,0.38893333
2007-07-01 06:15:00,0.44706666
2007-07-01 06:30:00,0.5205333
2007-07-01 06:45:00,0.38613334
2007-07-01 07:00:00,0.4032
2007-07-01 07:15:00,0.54586667
2007-07-01 07:30:00,0.39720002
2007-07-01 07:45:00,0.42413333
2007-07-01 08:00:00,0.598
2007-07-01 08:15:00,0.5038667
2007-07-01 08:30:00,0.44893333
2007-07-01 08:45:00,0.5424
2007-07-01 09:00:00,0.53653336
2007-07-01 09:15:00,0.44480002
2007-07-01 09:30:00,0.97466666
2007-07-01 09:45:00,1.6834667
2007-07-01 10:00:00,1.5365334
2007-07-01 10:15:00,0.48933333
2007-07-01 10:30:00,1.7106667
2007-07-01 10:45:00,1.5057334
2007-07-01 11:00:00,1.2890667
2007-07-01 11:15:00,1.2326666
2007-07-01 11:30:00,1.3189334
2007-07-01 11:45:00,1.3521334
2007-07-01 12:00:00,1.1662667
2007-07-01 12:15:00,0.30786666
2007-07-01 12:30:00,0.32506666
2007-07-01 12:45:00,0.24373333
2007-07-01 13:00:00,0.26893333
2007-07-01 13:15:00,0.3512
2007-07-01 13:30:00,0.19600001
2007-07-01 13:45:00,0.1568
2007-07-01 14:00:00,0.4824
2007-07-01 14:15:00,0.33213332
2007-07-01 14:30:00,0.2748
2007-07-01 14:45:00,0.34693334
2007-07-01 15:00:00,0.36146668
2007-07-01 15:15:00,0.2992
2007-07-01 15:30:00,0.30866668
2007-07-01 15:45:00,0.48693332
2007-07-01 16:00:00,0.36226666
2007-07-01 16:15:00,0.22839999
2007-07-01 16:30:00,0.33413333
2007-07-01 16:45:00,0.328
2007-07-01 17:00:00,0.26266667
2007-07-01 17:15:00,0.35613334
2007-07-01 17:30:00,0.30386665
2007-07-01 17:45:00,0.1728
2007-07-01 18:00:00,0.45333335
2007-07-01 18:15:00,0.8422667
2007-07-01 18:30:00,1.0248
2007-07-01 18:45:00,1.4833333
2007-07-01 19:00:00,1.1125333
2007-07-01 19:15:00,0.4364
2007-07-01 19:30:00,0.38346666
2007-07-01 19:45:00,0.54733336
2007-07-01 20:00:00,0.866
2007-07-01 20:15:00,0.55586666
2007-07-01 20:30:00,0.48893332
2007-07-01 20:45:00,0.5176
2007-07-01 21:00:00,0.51066667
2007-07-01 21:15:00,0.6505333
2007-07-01 21:30:00,0.90293336
2007-07-01 21:45:00,1.5506667
2007-07-01 22:00:00,1.2249334
2007-07-01 22:15:00,0.59893334
2007-07-01 22:30:00,1.0817333
2007-07-01 22:45:00,1.3073334
2007-07-01 23:00:00,0.9964
2007-07-01 23:15:00,0.18306667
2007-07-01 23:30:00,0.2516
2007-07-01 23:45:00,0.25906667
2007-07-02 00:00:00,0.23533334
2007-07-02 00:15:00,0.23733333
2007-07-02 00:30:00,0.32613334
2007-07-02 00:45:00,0.21519999
2007-07-02 01:00:00,0.18546668
2007-07-02 01:15:00,0.314
2007-07-02 01:30:00,0.2568
2007-07-02 01:45:00,0.11653333
2007-07-02 02:00:00,0.19066668
2007-07-02 02:15:00,0.24053334
2007-07-02 02:30:00,0.114
2007-07-02 02:45:00,0.1416
2007-07-02 03:00:00,0.2572
2007-07-02 03:15:00,0.15573333
2007-07-02 03:30:00,0.14386666
2007-07-02 03:45:00,0.19213334
2007-07-02 04:00:00,0.2916
2007-07-02 04:15:00,0.21933334
2007-07-02 04:30:00,0.22066666
2007-07-02 04:45:00,0.27666667
2007-07-02 05:00:00,0.25253335
2007-07-02 05:15:00,0.2212
2007-07-02 05:30:00,0.2268
2007-07-02 05:45:00,0.22773333
2007-07-02 06:00:00,0.16106667
2007-07-02 06:15:00,0.114
2007-07-02 06:30:00,0.21666667
2007-07-02 06:45:00,1.7394667
2007-07-02 07:00:00,1.2709334
2007-07-02 07:15:00,1.3758667
2007-07-02 07:30:00,1.5113333
2007-07-02 07:45:00,1.2950667
2007-07-02 08:00:00,1.0606667
2007-07-02 08:15:00,0.29146665
2007-07-02 08:30:00,0.23426667
2007-07-02 08:45:00,0.22973333
2007-07-02 09:00:00,0.2448
2007-07-02 09:15:00,0.2612
2007-07-02 09:30:00,0.21986666
2007-07-02 09:45:00,0.12946667
2007-07-02 10:00:00,0.21373333
2007-07-02 10:15:00,0.19293334
2007-07-02 10:30:00,0.110533334
2007-07-02 10:45:00,0.18746667
2007-07-02 11:00:00,0.22866666
2007-07-02 11:15:00,0.12013333
2007-07-02 11:30:00,0.1444
2007-07-02 11:45:00,0.2836
2007-07-02 12:00:00,0.22093333
2007-07-02 12:15:00,0.188
2007-07-02 12:30:00,0.30026668
2007-07-02 12:45:00,0.2644
2007-07-02 13:00:00,0.184
2007-07-02 13:15:00,0.23946667
2007-07-02 13:30:00,0.30533335
2007-07-02 13:45:00,0.113866664
2007-07-02 14:00:00,0.11293334
2007-07-02 14:15:00,0.27986667
2007-07-02 14:30:00,0.14853333
2007-07-02 14:45:00,0.114
2007-07-02 15:00:00,0.2248
2007-07-02 15:15:00,0.21466666
2007-07-02 15:30:00,0.12653333
2007-07-02 15:45:00,0.204
2007-07-02 16:00:00,0.3112
2007-07-02 16:15:00,0.212
2007-07-02 16:30:00,1.1366667
2007-07-02 16:45:00,1.3646667
2007-07-02 17:00:00,0.8092
2007-07-02 17:15:00,0.21133333
2007-07-02 17:30:00,0.24973334
2007-07-02 17:45:00,0.21826667
2007-07-02 18:00:00,0.14093333
2007-07-02 18:15:00,0.1908
2007-07-02 18:30:00,0.26853335
2007-07-02 18:45:00,0.18413334
2007-07-02 19:00:00,0.114266664
2007-07-02 19:15:00,1.8557334
2007-07-02 19:30:00,0.41626668
2007-07-02 19:45:00,0.34186667
2007-07-02 20:00:00,0.42906666
2007-07-02 20:15:00,1.9362667
2007-07-02 20:30:00,4.0284
2007-07-02 20:45:00,1.9350667
2007-07-02 21:00:00,1.6941333
2007-07-02 21:15:00,1.9812
2007-07-02 21:30:00,2.4934666
2007-07-02 21:45:00,4.498
2007-07-02 22:00:00,3.5629334
2007-07-02 22:15:00,3.0166667
2007-07-02 22:30:00,2.9985332
2007-07-02 22:45:00,2.8445332
2007-07-02 23:00:00,3.6332
2007-07-02 23:15:00,0.48160002
2007-07-02 23:30:00,0.27453333
2007-07-02 23:45:00,0.2976
2007-07-03 00:00:00,0.56093335
2007-07-03 00:15:00,0.54946667
2007-07-03 00:30:00,0.51133335
2007-07-03 00:45:00,0.40080002
2007-07-03 01:00:00,0.29506665
2007-07-03 01:15:00,0.2836
2007-07-03 01:30:00,0.39266667
2007-07-03 01:45:00,0.37346667
2007-07-03 02:00:00,0.26053333
2007-07-03 02:15:00,0.33173335
2007-07-03 02:30:00,0.37733334
2007-07-03 02:45:00,0.25333333
2007-07-03 03:00:00,0.286
2007-07-03 03:15:00,0.40426666
2007-07-03 03:30:00,0.24946667
2007-07-03 03:45:00,0.18506667
2007-07-03 04:00:00,0.3116
2007-07-03 04:15:00,0.2568
2007-07-03 04:30:00,0.18426667
2007-07-03 04:45:00,0.248
2007-07-03 05:00:00,0.31746668
2007-07-03 05:15:00,0.18466666
2007-07-03 05:30:00,0.18333334
2007-07-03 05:45:00,0.40306666
2007-07-03 06:00:00,0.296
2007-07-03 06:15:00,0.25506666
2007-07-03 06:30:00,0.35533333
2007-07-03 06:45:00,0.33413333
2007-07-03 07:00:00,2.7865334
2007-07-03 07:15:00,1.9634666
2007-07-03 07:30:00,1.928
2007-07-03 07:45:00,1.6292
2007-07-03 08:00:00,1.3564
2007-07-03 08:15:00,1.3570666
2007-07-03 08:30:00,1.2522666
2007-07-03 08:45:00,1.2698667
2007-07-03 09:00:00,1.2997333
2007-07-03 09:15:00,1.2597333
2007-07-03 09:30:00,1.2286667
2007-07-03 09:45:00,1.2258667
2007-07-03 10:00:00,0.34506667
2007-07-03 10:15:00,0.27386665
2007-07-03 10:30:00,0.2824
2007-07-03 10:45:00,0.30946666
2007-07-03 11:00:00,0.3012
2007-07-03 11:15:00,0.2912
2007-07-03 11:30:00,0.20786667
2007-07-03 11:45:00,0.26826668
2007-07-03 12:00:00,0.24413334
2007-07-03 12:15:00,0.168
2007-07-03 12:30:00,0.2456
2007-07-03 12:45:00,0.278
2007-07-03 13:00:00,0.18466666
2007-07-03 13:15:00,0.19453333
2007-07-03 13:30:00,0.2996
2007-07-03 13:45:00,0.28506666
2007-07-03 14:00:00,0.24666667
2007-07-03 14:15:00,0.31853333
2007-07-03 14:30:00,0.35786667
2007-07-03 14:45:00,0.23853333
2007-07-03 15:00:00,0.2532
2007-07-03 15:15:00,0.39586666
2007-07-03 15:30:00,0.21453333
2007-07-03 15:45:00,0.16866666
2007-07-03 16:00:00,0.27826667
2007-07-03 16:15:00,0.2608
2007-07-03 16:30:00,0.17
2007-07-03 16:45:00,0.20973334
2007-07-03 17:00:00,0.31800002
2007-07-03 17:15:00,0.18866667
2007-07-03 17:30:00,0.17
2007-07-03 17:45:00,0.3744
2007-07-03 18:00:00,0.31306666
2007-07-03 18:15:00,0.2916
2007-07-03 18:30:00,1.3930666
2007-07-03 18:45:00,1.4054667
2007-07-03 19:00:00,0.6501333
2007-07-03 19:15:00,0.6772
2007-07-03 19:30:00,0.6145333
2007-07-03 19:45:00,0.45426667
2007-07-03 20:00:00,0.47373334
2007-07-03 20:15:00,0.71853334
2007-07-03 20:30:00,0.7228
2007-07-03 20:45:00,0.7604
2007-07-03 21:00:00,2.4162667
2007-07-03 21:15:00,1.1322666
2007-07-03 21:30:00,0.7792
2007-07-03 21:45:00,1.1077334
2007-07-03 22:00:00,4.0177336
2007-07-03 22:15:00,4.365733
2007-07-03 22:30:00,4.0541334
2007-07-03 22:45:00,3.3569334
2007-07-03 23:00:00,2.6681333
2007-07-03 23:15:00,1.4813334
2007-07-03 23:30:00,0.4188
2007-07-03 23:45:00,0.44346666
2007-07-04 00:00:00,0.41733333
2007-07-04 00:15:00,1.3384
2007-07-04 00:30:00,1.2238667
2007-07-04 00:45:00,0.31013334
2007-07-04 01:00:00,0.18946667
2007-07-04 01:15:00,0.21546666
2007-07-04 01:30:00,0.33693334
2007-07-04 01:45:00,0.174
2007-07-04 02:00:00,0.17106667
2007-07-04 02:15:00,0.33413333
2007-07-04 02:30:00,0.30666667
2007-07-04 02:45:00,0.24813333
2007-07-04 03:00:00,0.34253332
2007-07-04 03:15:00,0.33879998
2007-07-04 03:30:00,0.24186666
2007-07-04 03:45:00,0.30106667
2007-07-04 04:00:00,0.3276
2007-07-04 04:15:00,0.22866666
2007-07-04 04:30:00,0.23133333
2007-07-04 04:45:00,0.20346667
2007-07-04 05:00:00,0.2708
2007-07-04 05:15:00,0.23133333
2007-07-04 05:30:00,0.174
2007-07-04 05:45:00,0.24960001
2007-07-04 06:00:00,0.27946666
2007-07-04 06:15:00,0.196
2007-07-04 06:30:00,0.26706666
2007-07-04 06:45:00,1.9361334
2007-07-04 07:00:00,3.4818666
2007-07-04 07:15:00,2.8361332
2007-07-04 07:30:00,2.7241333
2007-07-04 07:45:00,2.1093333
2007-07-04 08:00:00,1.26
2007-07-04 08:15:00,1.36
2007-07-04 08:30:00,1.3734666
2007-07-04 08:45:00,1.2836
2007-07-04 09:00:00,1.2313334
2007-07-04 09:15:00,1.2758666
2007-07-04 09:30:00,1.3197334
2007-07-04 09:45:00,1.2201333
2007-07-04 10:00:00,0.8653333
2007-07-04 10:15:00,0.28613335
2007-07-04 10:30:00,0.2524
2007-07-04 10:45:00,0.22773333
2007-07-04 11:00:00,0.31213334
2007-07-04 11:15:00,0.33266667
2007-07-04 11:30:00,0.2184
2007-07-04 11:45:00,0.24786668
2007-07-04 12:00:00,0.36426666
2007-07-04 12:15:00,0.19453333
2007-07-04 12:30:00,0.1608
2007-07-04 12:45:00,0.2608
2007-07-04 13:00:00,0.2252
2007-07-04 13:15:00,0.16333334
2007-07-04 13:30:00,0.19933334
2007-07-04 13:45:00,0.2536
2007-07-04 14:00:00,0.19133334
2007-07-04 14:15:00,0.20426667
2007-07-04 14:30:00,0.26493335
2007-07-04 14:45:00,0.31973332
2007-07-04 15:00:00,0.28373334
2007-07-04 15:15:00,0.2208
2007-07-04 15:30:00,0.31546667
2007-07-04 15:45:00,0.32053334
2007-07-04 16:00:00,0.21226667
2007-07-04 16:15:00,0.19626667
2007-07-04 16:30:00,0.29853335
2007-07-04 16:45:00,0.16146666
2007-07-04 17:00:00,0.15066667
2007-07-04 17:15:00,0.29293334
2007-07-04 17:30:00,0.21239999
2007-07-04 17:45:00,0.1532
2007-07-04 18:00:00,0.2368
2007-07-04 18:15:00,0.2932
2007-07-04 18:30:00,1.0586667
2007-07-04 18:45:00,1.7246667
2007-07-04 19:00:00,2.6262667
2007-07-04 19:15:00,2.2482667
2007-07-04 19:30:00,2.7053332
2007-07-04 19:45:00,2.5206666
2007-07-04 20:00:00,2.2693334
2007-07-04 20:15:00,0.96133333
2007-07-04 20:30:00,0.4052
2007-07-04 20:45:00,0.4068
2007-07-04 21:00:00,0.40453333
2007-07-04 21:15:00,0.40026668
2007-07-04 21:30:00,0.4026667
2007-07-04 21:45:00,0.4012
2007-07-04 22:00:00,0.40146667
2007-07-04 22:15:00,0.40146667
2007-07-04 22:30:00,0.40066668
2007-07-04 22:45:00,0.35173333
2007-07-04 23:00:00,1.2397333
2007-07-04 23:15:00,1.3713334
2007-07-04 23:30:00,1.4258666
2007-07-04 23:45:00,1.3125334
2007-07-05 00:00:00,0.39
2007-07-05 00:15:00,0.38546667
2007-07-05 00:30:00,0.35666665
2007-07-05 00:45:00,0.22986667
2007-07-05 01:00:00,0.31493333
2007-07-05 01:15:00,0.3676
2007-07-05 01:30:00,0.3056
2007-07-05 01:45:00,0.2808
2007-07-05 02:00:00,0.3192
2007-07-05 02:15:00,0.3104
2007-07-05 02:30:00,0.22706667
2007-07-05 02:45:00,0.2484
2007-07-05 03:00:00,0.2316
2007-07-05 03:15:00,0.2384
2007-07-05 03:30:00,0.2504
2007-07-05 03:45:00,0.2184
2007-07-05 04:00:00,0.25053334
2007-07-05 04:15:00,0.24973333
2007-07-05 04:30:00,0.19933334
2007-07-05 04:45:00,0.26
2007-07-05 05:00:00,0.24333334
2007-07-05 05:15:00,0.17653333
2007-07-05 05:30:00,0.28026667
2007-07-05 05:45:00,0.22866668
2007-07-05 06:00:00,0.16266666
2007-07-05 06:15:00,0.3088
2007-07-05 06:30:00,0.21146667
2007-07-05 06:45:00,0.198
2007-07-05 07:00:00,1.4270667
2007-07-05 07:15:00,0.3848
2007-07-05 07:30:00,0.71386665
2007-07-05 07:45:00,1.7646667
2007-07-05 08:00:00,1.3792
2007-07-05 08:15:00,1.2869333
2007-07-05 08:30:00,1.3412
2007-07-05 08:45:00,1.3190666
2007-07-05 09:00:00,1.286
2007-07-05 09:15:00,1.3298666
2007-07-05 09:30:00,1.2798667
2007-07-05 09:45:00,1.2904
2007-07-05 10:00:00,0.4796
2007-07-05 10:15:00,0.23133335
2007-07-05 10:30:00,0.23013332
2007-07-05 10:45:00,0.2092
2007-07-05 11:00:00,0.14653334
2007-07-05 11:15:00,0.2296
2007-07-05 11:30:00,0.21066667
2007-07-05 11:45:00,0.12693334
2007-07-05 12:00:00,0.24053334
2007-07-05 12:15:00,0.22093333
2007-07-05 12:30:00,0.12813334
2007-07-05 12:45:00,0.20813334
2007-07-05 13:00:00,0.24253334
2007-07-05 13:15:00,0.13973334
2007-07-05 13:30:00,0.16160001
2007-07-05 13:45:00,0.5804
2007-07-05 14:00:00,0.23546666
2007-07-05 14:15:00,0.1924
2007-07-05 14:30:00,0.29613334
2007-07-05 14:45:00,0.33546668
2007-07-05 15:00:00,0.2706667
2007-07-05 15:15:00,0.34186667
2007-07-05 15:30:00,0.3884
2007-07-05 15:45:00,0.22373334
2007-07-05 16:00:00,0.2116
2007-07-05 16:15:00,0.36013332
2007-07-05 16:30:00,0.2568
2007-07-05 16:45:00,0.1992
2007-07-05 17:00:00,0.292
2007-07-05 17:15:00,0.3128
2007-07-05 17:30:00,0.19813333
2007-07-05 17:45:00,0.22706667
2007-07-05 18:00:00,0.3648
2007-07-05 18:15:00,0.20946667
2007-07-05 18:30:00,0.1968
2007-07-05 18:45:00,1.6406667
2007-07-05 19:00:00,1.6533333
2007-07-05 19:15:00,0.8832
2007-07-05 19:30:00,2.9796
2007-07-05 19:45:00,2.0117333
2007-07-05 20:00:00,2.8245335
2007-07-05 20:15:00,1.0828
2007-07-05 20:30:00,1.5758667
2007-07-05 20:45:00,2.5424
2007-07-05 21:00:00,2.3026667
2007-07-05 21:15:00,1.6089333
2007-07-05 21:30:00,1.4288
2007-07-05 21:45:00,1.2704
2007-07-05 22:00:00,1.6057334
2007-07-05 22:15:00,3.1097333
2007-07-05 22:30:00,3.0434666
2007-07-05 22:45:00,3.0556
2007-07-05 23:00:00,1.8010666
2007-07-05 23:15:00,1.2274667
2007-07-05 23:30:00,0.536
2007-07-05 23:45:00,1.156
2007-07-06 00:00:00,1.2984
2007-07-06 00:15:00,0.2644
2007-07-06 00:30:00,0.2036
2007-07-06 00:45:00,0.29306668
2007-07-06 01:00:00,0.31706667
2007-07-06 01:15:00,0.2008
2007-07-06 01:30:00,0.23386668
2007-07-06 01:45:00,0.35666665
2007-07-06 02:00:00,0.212
2007-07-06 02:15:00,0.20026667
2007-07-06 02:30:00,0.32373333
2007-07-06 02:45:00,0.19093333
2007-07-06 03:00:00,0.1292
2007-07-06 03:15:00,0.21266666
2007-07-06 03:30:00,0.23186667
2007-07-06 03:45:00,0.1436
2007-07-06 04:00:00,0.1868
2007-07-06 04:15:00,0.21146667
2007-07-06 04:30:00,0.18706667
2007-07-06 04:45:00,0.17466667
2007-07-06 05:00:00,0.1684
2007-07-06 05:15:00,0.23
2007-07-06 05:30:00,0.6264
2007-07-06 05:45:00,1.2286667
2007-07-06 06:00:00,1.2666667
2007-07-06 06:15:00,0.2552
2007-07-06 06:30:00,0.18093334
2007-07-06 06:45:00,0.1844
2007-07-06 07:00:00,1.7016001
2007-07-06 07:15:00,0.4156
2007-07-06 07:30:00,0.3344
2007-07-06 07:45:00,0.33333334
2007-07-06 08:00:00,0.42746666
2007-07-06 08:15:00,0.5696
2007-07-06 08:30:00,1.3272
2007-07-06 08:45:00,1.3754667
2007-07-06 09:00:00,1.3141333
2007-07-06 09:15:00,0.32333332
2007-07-06 09:30:00,0.30346668
2007-07-06 09:45:00,0.3192
2007-07-06 10:00:00,0.194
2007-07-06 10:15:00,0.13933334
2007-07-06 10:30:00,0.29479998
2007-07-06 10:45:00,0.15773334
2007-07-06 11:00:00,0.12586667
2007-07-06 11:15:00,0.2236
2007-07-06 11:30:00,0.23026668
2007-07-06 11:45:00,0.12586667
2007-07-06 12:00:00,0.15826666
2007-07-06 12:15:00,0.2488
2007-07-06 12:30:00,0.17026667
2007-07-06 12:45:00,0.14320001
2007-07-06 13:00:00,0.2092
2007-07-06 13:15:00,0.22693333
2007-07-06 13:30:00,0.12973334
2007-07-06 13:45:00,0.19333333
2007-07-06 14:00:00,0.2052
2007-07-06 14:15:00,0.20733334
2007-07-06 14:30:00,0.2596
2007-07-06 14:45:00,0.24133334
2007-07-06 15:00:00,0.29946667
2007-07-06 15:15:00,0.23866667
2007-07-06 15:30:00,0.238
2007-07-06 15:45:00,0.26866665
2007-07-06 16:00:00,0.26293334
2007-07-06 16:15:00,0.262
2007-07-06 16:30:00,0.2148
2007-07-06 16:45:00,0.29733333
2007-07-06 17:00:00,0.26213333
2007-07-06 17:15:00,0.21573333
2007-07-06 17:30:00,0.26186666
2007-07-06 17:45:00,0.28533334
2007-07-06 18:00:00,0.35093334
2007-07-06 18:15:00,1.3449333
2007-07-06 18:30:00,1.5796
2007-07-06 18:45:00,1.262
2007-07-06 19:00:00,0.24133334
2007-07-06 19:15:00,2.7312
2007-07-06 19:30:00,0.93053335
2007-07-06 19:45:00,1.9017334
2007-07-06 20:00:00,1.9548
2007-07-06 20:15:00,3.2405334
2007-07-06 20:30:00,3.0749333
2007-07-06 20:45:00,1.9565333
2007-07-06 21:00:00,3.8048
2007-07-06 21:15:00,5.7994666
2007-07-06 21:30:00,4.1122665
2007-07-06 21:45:00,3.3724
2007-07-06 22:00:00,2.1273334
2007-07-06 22:15:00,1.2428
2007-07-06 22:30:00,1.2898667
2007-07-06 22:45:00,1.5268
2007-07-06 23:00:00,0.28333333
2007-07-06 23:15:00,0.22666667
2007-07-06 23:30:00,0.552
2007-07-06 23:45:00,0.9456
2007-07-07 00:00:00,1.5377333
2007-07-07 00:15:00,1.2736
2007-07-07 00:30:00,3.7948
2007-07-07 00:45:00,3.4877334
2007-07-07 01:00:00,2.7092
2007-07-07 01:15:00,2.4912
2007-07-07 01:30:00,2.4504
2007-07-07 01:45:00,2.4525332
2007-07-07 02:00:00,1.8550667
2007-07-07 02:15:00,0.25693333
2007-07-07 02:30:00,0.1868
2007-07-07 02:45:00,0.15213333
2007-07-07 03:00:00,0.19319999
2007-07-07 03:15:00,0.32773334
2007-07-07 03:30:00,0.1608
2007-07-07 03:45:00,0.12093333
2007-07-07 04:00:00,0.23706667
2007-07-07 04:15:00,0.27533334
2007-07-07 04:30:00,0.20026666
2007-07-07 04:45:00,0.22386667
2007-07-07 05:00:00,0.36213332
2007-07-07 05:15:00,0.2052
2007-07-07 05:30:00,0.16106667
2007-07-07 05:45:00,0.24626666
2007-07-07 06:00:00,0.2068
2007-07-07 06:15:00,0.12173333
2007-07-07 06:30:00,0.1608
2007-07-07 06:45:00,0.2608
2007-07-07 07:00:00,0.6548
2007-07-07 07:15:00,2.0492
2007-07-07 07:30:00,1.3128
2007-07-07 07:45:00,1.4009333
2007-07-07 08:00:00,1.3502667
2007-07-07 08:15:00,1.4252
2007-07-07 08:30:00,1.9142667
2007-07-07 08:45:00,1.362
2007-07-07 09:00:00,1.3316001
2007-07-07 09:15:00,1.1994667
2007-07-07 09:30:00,1.298
2007-07-07 09:45:00,0.7592
2007-07-07 10:00:00,0.1796
2007-07-07 10:15:00,0.19386667
2007-07-07 10:30:00,0.2436
2007-07-07 10:45:00,0.20066667
2007-07-07 11:00:00,0.29693332
2007-07-07 11:15:00,0.316
2007-07-07 11:30:00,0.2768
2007-07-07 11:45:00,0.34333333
2007-07-07 12:00:00,0.39573333
2007-07-07 12:15:00,0.27866668
2007-07-07 12:30:00,0.318
2007-07-07 12:45:00,0.26533332
2007-07-07 13:00:00,0.39786667
2007-07-07 13:15:00,1.5250666
2007-07-07 13:30:00,1.5922667
2007-07-07 13:45:00,1.2036
2007-07-07 14:00:00,1.3826667
2007-07-07 14:15:00,1.4850667
2007-07-07 14:30:00,1.5962666
2007-07-07 14:45:00,1.4134667
2007-07-07 15:00:00,1.2398666
2007-07-07 15:15:00,0.32826665
2007-07-07 15:30:00,0.26026666
2007-07-07 15:45:00,0.2676
2007-07-07 16:00:00,0.2776
2007-07-07 16:15:00,0.16506666
2007-07-07 16:30:00,0.2764
2007-07-07 16:45:00,0.24253334
2007-07-07 17:00:00,0.72146666
2007-07-07 17:15:00,1.5372
2007-07-07 17:30:00,0.4924
2007-07-07 17:45:00,0.5864
2007-07-07 18:00:00,0.5613333
2007-07-07 18:15:00,0.5608
2007-07-07 18:30:00,2.1186666
2007-07-07 18:45:00,0.25426668
2007-07-07 19:00:00,0.2084
2007-07-07 19:15:00,0.49733335
2007-07-07 19:30:00,0.47066665
2007-07-07 19:45:00,1.084
2007-07-07 20:00:00,1.6518667
2007-07-07 20:15:00,2.0294666
2007-07-07 20:30:00,1.8493334
2007-07-07 20:45:00,1.7145333
2007-07-07 21:00:00,1.5290667
2007-07-07 21:15:00,1.4378667
2007-07-07 21:30:00,1.4
2007-07-07 21:45:00,1.4577334
2007-07-07 22:00:00,1.3414667
2007-07-07 22:15:00,1.7104
2007-07-07 22:30:00,1.5826666
2007-07-07 22:45:00,1.6088
2007-07-07 23:00:00,1.6018667
2007-07-07 23:15:00,0.62053335
2007-07-07 23:30:00,0.37866667
2007-07-07 23:45:00,0.40760002
2007-07-08 00:00:00,0.3868
2007-07-08 00:15:00,0.39773333
2007-07-08 00:30:00,0.38346666
2007-07-08 00:45:00,0.32613334
2007-07-08 01:00:00,0.4316
2007-07-08 01:15:00,0.2952
2007-07-08 01:30:00,0.33333334
2007-07-08 01:45:00,0.31773335
2007-07-08 02:00:00,0.3036
2007-07-08 02:15:00,0.32106668
2007-07-08 02:30:00,2.0882666
2007-07-08 02:45:00,1.5221334
2007-07-08 03:00:00,1.3214667
2007-07-08 03:15:00,1.3714666
2007-07-08 03:30:00,1.3082666
2007-07-08 03:45:00,1.4342667
2007-07-08 04:00:00,1.3081334
2007-07-08 04:15:00,1.0488
2007-07-08 04:30:00,0.2892
2007-07-08 04:45:00,0.2536
2007-07-08 05:00:00,0.32706666
2007-07-08 05:15:00,0.24306667
2007-07-08 05:30:00,0.29493335
2007-07-08 05:45:00,0.23493333
2007-07-08 06:00:00,0.19680001
2007-07-08 06:15:00,0.22066666
2007-07-08 06:30:00,0.20146666
2007-07-08 06:45:00,0.23053333
2007-07-08 07:00:00,0.20613334
2007-07-08 07:15:00,0.21066667
2007-07-08 07:30:00,0.19693333
2007-07-08 07:45:00,0.2496
2007-07-08 08:00:00,0.3088
2007-07-08 08:15:00,0.24733333
2007-07-08 08:30:00,0.30866668
2007-07-08 08:45:00,0.27213335
2007-07-08 09:00:00,0.19093333
2007-07-08 09:15:00,0.2444
2007-07-08 09:30:00,0.17253333
2007-07-08 09:45:00,0.27533334
2007-07-08 10:00:00,0.25973335
2007-07-08 10:15:00,0.19693333
2007-07-08 10:30:00,0.81986666
2007-07-08 10:45:00,1.7385333
2007-07-08 11:00:00,2.7689333
2007-07-08 11:15:00,1.5614667
2007-07-08 11:30:00,1.4525334
2007-07-08 11:45:00,0.574
2007-07-08 12:00:00,0.71786666
2007-07-08 12:15:00,1.7890667
2007-07-08 12:30:00,0.46986666
2007-07-08 12:45:00,0.36093333
2007-07-08 13:00:00,0.3068
2007-07-08 13:15:00,0.33426666
2007-07-08 13:30:00,2.0292
2007-07-08 13:45:00,0.49146667
2007-07-08 14:00:00,0.976
2007-07-08 14:15:00,1.3126667
2007-07-08 14:30:00,1.0822667
2007-07-08 14:45:00,0.28906667
2007-07-08 15:00:00,0.30133334
2007-07-08 15:15:00,0.36013332
2007-07-08 15:30:00,0.18986666
2007-07-08 15:45:00,0.25386667
2007-07-08 16:00:00,0.2344
2007-07-08 16:15:00,0.182
2007-07-08 16:30:00,0.2692
2007-07-08 16:45:00,0.1596
2007-07-08 17:00:00,0.67373335
2007-07-08 17:15:00,2.164
2007-07-08 17:30:00,2.8196
2007-07-08 17:45:00,2.7349334
2007-07-08 18:00:00,1.6070666
2007-07-08 18:15:00,1.6406666
2007-07-08 18:30:00,1.6456
2007-07-08 18:45:00,0.4556
2007-07-08 19:00:00,0.9037333
2007-07-08 19:15:00,1.1458666
2007-07-08 19:30:00,0.27933332
2007-07-08 19:45:00,0.41626668
2007-07-08 20:00:00,0.226
2007-07-08 20:15:00,0.8544
2007-07-08 20:30:00,1.3865334
2007-07-08 20:45:00,0.18346667
2007-07-08 21:00:00,0.25800002
2007-07-08 21:15:00,0.1696
2007-07-08 21:30:00,0.31293333
2007-07-08 21:45:00,0.29093334
2007-07-08 22:00:00,0.23173334
2007-07-08 22:15:00,0.75946665
2007-07-08 22:30:00,1.3082666
2007-07-08 22:45:00,1.0250666
2007-07-08 23:00:00,2.5013332
2007-07-08 23:15:00,1.6066667
2007-07-08 23:30:00,1.45
2007-07-08 23:45:00,1.7974666
2007-07-09 00:00:00,1.7853333
2007-07-09 00:15:00,1.8517333
2007-07-09 00:30:00,1.6672
2007-07-09 00:45:00,1.0242667
2007-07-09 01:00:00,0.28706667
2007-07-09 01:15:00,0.23306666
2007-07-09 01:30:00,0.33746666
2007-07-09 01:45:00,0.24146667
2007-07-09 02:00:00,0.26319999
2007-07-09 02:15:00,0.23386666
2007-07-09 02:30:00,0.14786667
2007-07-09 02:45:00,0.2528
2007-07-09 03:00:00,0.1812
2007-07-09 03:15:00,0.16933334
2007-07-09 03:30:00,0.26146665
2007-07-09 03:45:00,0.15253334
2007-07-09 04:00:00,0.22226666
2007-07-09 04:15:00,0.242
2007-07-09 04:30:00,0.23946667
2007-07-09 04:45:00,0.33026665
2007-07-09 05:00:00,0.23586667
2007-07-09 05:15:00,0.25973335
2007-07-09 05:30:00,0.2432
2007-07-09 05:45:00,0.14786667
2007-07-09 06:00:00,0.24973333
2007-07-09 06:15:00,0.18893333
2007-07-09 06:30:00,0.17
2007-07-09 06:45:00,0.25826666
2007-07-09 07:00:00,1.4966667
2007-07-09 07:15:00,1.5498667
2007-07-09 07:30:00,1.3209333
2007-07-09 07:45:00,1.3257333
2007-07-09 08:00:00,1.4125333
2007-07-09 08:15:00,1.2728
2007-07-09 08:30:00,0.83106667
2007-07-09 08:45:00,1.3492
2007-07-09 09:00:00,1.1885333
2007-07-09 09:15:00,1.2852
2007-07-09 09:30:00,1.2476
2007-07-09 09:45:00,1.4456
2007-07-09 10:00:00,1.314
2007-07-09 10:15:00,1.1989334
2007-07-09 10:30:00,1.3446667
2007-07-09 10:45:00,1.2702667
2007-07-09 11:00:00,1.3509333
2007-07-09 11:15:00,1.3844
2007-07-09 11:30:00,1.2848
2007-07-09 11:45:00,1.4037334
2007-07-09 12:00:00,1.3652
2007-07-09 12:15:00,0.644
2007-07-09 12:30:00,0.27106667
2007-07-09 12:45:00,0.36146668
2007-07-09 13:00:00,0.40066665
2007-07-09 13:15:00,0.4132
2007-07-09 13:30:00,0.21666667
2007-07-09 13:45:00,0.25186667
2007-07-09 14:00:00,0.18093334
2007-07-09 14:15:00,0.31346667
2007-07-09 14:30:00,0.2952
2007-07-09 14:45:00,0.27333334
2007-07-09 15:00:00,0.33226666
2007-07-09 15:15:00,0.25866666
2007-07-09 15:30:00,0.26826668
2007-07-09 15:45:00,0.2236
2007-07-09 16:00:00,0.68226665
2007-07-09 16:15:00,1.6038667
2007-07-09 16:30:00,1.5652
2007-07-09 16:45:00,0.49293333
2007-07-09 17:00:00,0.23533334
2007-07-09 17:15:00,0.16946666
2007-07-09 17:30:00,0.28186667
2007-07-09 17:45:00,0.2836
2007-07-09 18:00:00,0.33773333
2007-07-09 18:15:00,0.51906663
2007-07-09 18:30:00,0.3228
2007-07-09 18:45:00,0.3428
2007-07-09 19:00:00,0.358
2007-07-09 19:15:00,0.4616
2007-07-09 19:30:00,0.5566667
2007-07-09 19:45:00,0.5432
2007-07-09 20:00:00,0.5158667
2007-07-09 20:15:00,0.51933336
2007-07-09 20:30:00,0.52706665
2007-07-09 20:45:00,1.2925333
2007-07-09 21:00:00,1.6156
2007-07-09 21:15:00,1.6626667
2007-07-09 21:30:00,0.7502667
2007-07-09 21:45:00,0.6952
2007-07-09 22:00:00,0.83106667
2007-07-09 22:15:00,2.9806666
2007-07-09 22:30:00,4.539467
2007-07-09 22:45:00,2.1292
2007-07-09 23:00:00,1.5573334
2007-07-09 23:15:00,1.51
2007-07-09 23:30:00,1.4965334
2007-07-09 23:45:00,3.0732
2007-07-10 00:00:00,1.9221333
2007-07-10 00:15:00,1.6076
2007-07-10 00:30:00,1.1390667
2007-07-10 00:45:00,0.5474667
2007-07-10 01:00:00,0.2764
2007-07-10 01:15:00,0.36773333
2007-07-10 01:30:00,0.33613333
2007-07-10 01:45:00,0.25506666
2007-07-10 02:00:00,0.25599998
2007-07-10 02:15:00,0.15986666
2007-07-10 02:30:00,0.24253333
2007-07-10 02:45:00,0.19893333
2007-07-10 03:00:00,0.19853333
2007-07-10 03:15:00,0.24106666
2007-07-10 03:30:00,0.16986667
2007-07-10 03:45:00,0.28533334
2007-07-10 04:00:00,0.27773333
2007-07-10 04:15:00,0.27933332
2007-07-10 04:30:00,0.29826665
2007-07-10 04:45:00,0.2132
2007-07-10 05:00:00,0.21586667
2007-07-10 05:15:00,0.2024
2007-07-10 05:30:00,0.21
2007-07-10 05:45:00,0.21173333
2007-07-10 06:00:00,0.19413333
2007-07-10 06:15:00,0.21693334
2007-07-10 06:30:00,0.20293333
2007-07-10 06:45:00,0.2468
2007-07-10 07:00:00,2.2304
2007-07-10 07:15:00,2.7256
2007-07-10 07:30:00,1.4970666
2007-07-10 07:45:00,1.3265333
2007-07-10 08:00:00,1.2826667
2007-07-10 08:15:00,1.2646667
2007-07-10 08:30:00,1.2593334
2007-07-10 08:45:00,1.2762667
2007-07-10 09:00:00,1.0613333
2007-07-10 09:15:00,0.1904
2007-07-10 09:30:00,0.21173333
2007-07-10 09:45:00,0.17506666
2007-07-10 10:00:00,0.20533334
2007-07-10 10:15:00,0.27906665
2007-07-10 10:30:00,0.25613335
2007-07-10 10:45:00,0.29426667
2007-07-10 11:00:00,0.2284
2007-07-10 11:15:00,0.21906666
2007-07-10 11:30:00,0.20866667
2007-07-10 11:45:00,0.17346667
2007-07-10 12:00:00,0.2324
2007-07-10 12:15:00,0.15173334
2007-07-10 12:30:00,0.20146666
2007-07-10 12:45:00,0.2156
2007-07-10 13:00:00,0.16533333
2007-07-10 13:15:00,0.23453332
2007-07-10 13:30:00,0.2436
2007-07-10 13:45:00,0.26626667
2007-07-10 14:00:00,0.2908
2007-07-10 14:15:00,0.22786666
2007-07-10 14:30:00,0.23986667
2007-07-10 14:45:00,0.17506666
2007-07-10 15:00:00,0.1856
2007-07-10 15:15:00,0.22733334
2007-07-10 15:30:00,1.0636001
2007-07-10 15:45:00,1.2484
2007-07-10 16:00:00,0.68546665
2007-07-10 16:15:00,0.18226667
2007-07-10 16:30:00,0.21159999
2007-07-10 16:45:00,0.25306666
2007-07-10 17:00:00,0.2788
2007-07-10 17:15:00,0.27133334
2007-07-10 17:30:00,0.25173333
2007-07-10 17:45:00,0.2248
2007-07-10 18:00:00,0.1908
2007-07-10 18:15:00,0.2044
2007-07-10 18:30:00,0.2156
2007-07-10 18:45:00,0.20333333
2007-07-10 19:00:00,1.4268
2007-07-10 19:15:00,0.49373335
2007-07-10 19:30:00,0.39573333
2007-07-10 19:45:00,0.43786666
2007-07-10 20:00:00,0.5277333
2007-07-10 20:15:00,0.45466667
2007-07-10 20:30:00,0.44186667
2007-07-10 20:45:00,0.9856
2007-07-10 21:00:00,0.4772
2007-07-10 21:15:00,0.442
2007-07-10 21:30:00,0.8656
2007-07-10 21:45:00,3.1866667
2007-07-10 22:00:00,4.7325335
2007-07-10 22:15:00,3.6049333
2007-07-10 22:30:00,2.846
2007-07-10 22:45:00,1.8278667
2007-07-10 23:00:00,0.51026666
2007-07-10 23:15:00,0.39346668
2007-07-10 23:30:00,0.27146667
2007-07-10 23:45:00,0.35173333
2007-07-11 00:00:00,0.34946665
2007-07-11 00:15:00,0.17920001
2007-07-11 00:30:00,0.25426665
2007-07-11 00:45:00,0.1416
2007-07-11 01:00:00,0.2004
2007-07-11 01:15:00,0.2148
2007-07-11 01:30:00,0.1632
2007-07-11 01:45:00,0.2492
2007-07-11 02:00:00,0.23773333
2007-07-11 02:15:00,0.27493334
2007-07-11 02:30:00,0.284
2007-07-11 02:45:00,0.24013333
2007-07-11 03:00:00,0.2424
2007-07-11 03:15:00,0.17426667
2007-07-11 03:30:00,0.2048
2007-07-11 03:45:00,0.20066667
2007-07-11 04:00:00,0.18333334
2007-07-11 04:15:00,0.19506666
2007-07-11 04:30:00,0.18746667
2007-07-11 04:45:00,0.20613334
2007-07-11 05:00:00,0.19866666
2007-07-11 05:15:00,0.29306668
2007-07-11 05:30:00,0.5304
2007-07-11 05:45:00,1.3330667
2007-07-11 06:00:00,1.334
2007-07-11 06:15:00,0.3968
2007-07-11 06:30:00,0.21533333
2007-07-11 06:45:00,1.0888
2007-07-11 07:00:00,0.28733334
2007-07-11 07:15:00,0.54733336
2007-07-11 07:30:00,1.3248
2007-07-11 07:45:00,1.4993334
2007-07-11 08:00:00,1.3834666
2007-07-11 08:15:00,2.8876
2007-07-11 08:30:00,1.6021334
2007-07-11 08:45:00,1.3306667
2007-07-11 09:00:00,1.4170667
2007-07-11 09:15:00,1.3077333
2007-07-11 09:30:00,2.46
2007-07-11 09:45:00,1.9846667
2007-07-11 10:00:00,1.2033334
2007-07-11 10:15:00,1.2944
2007-07-11 10:30:00,1.2062666
2007-07-11 10:45:00,1.1998667
2007-07-11 11:00:00,1.0041333
2007-07-11 11:15:00,0.1848
2007-07-11 11:30:00,0.3156
2007-07-11 11:45:00,0.24413334
2007-07-11 12:00:00,0.23933333
2007-07-11 12:15:00,0.27706668
2007-07-11 12:30:00,0.14106667
2007-07-11 12:45:00,0.2248
2007-07-11 13:00:00,0.18573333
2007-07-11 13:15:00,0.1812
2007-07-11 13:30:00,0.22946666
2007-07-11 13:45:00,0.14906667
2007-07-11 14:00:00,0.20453334
2007-07-11 14:15:00,0.20533334
2007-07-11 14:30:00,0.27426666
2007-07-11 14:45:00,0.27906665
2007-07-11 15:00:00,0.24706666
2007-07-11 15:15:00,0.26653334
2007-07-11 15:30:00,0.18373333
2007-07-11 15:45:00,0.20066667
2007-07-11 16:00:00,0.178
2007-07-11 16:15:00,0.21066667
2007-07-11 16:30:00,0.20106667
2007-07-11 16:45:00,0.17733333
2007-07-11 17:00:00,0.22053333
2007-07-11 17:15:00,0.1564
2007-07-11 17:30:00,0.3636
2007-07-11 17:45:00,0.3204
2007-07-11 18:00:00,0.27106667
2007-07-11 18:15:00,0.3128
2007-07-11 18:30:00,0.40493333
2007-07-11 18:45:00,1.2869333
2007-07-11 19:00:00,1.2418667
2007-07-11 19:15:00,0.59026664
2007-07-11 19:30:00,0.28093332
2007-07-11 19:45:00,0.39693335
2007-07-11 20:00:00,0.15
2007-07-11 20:15:00,0.226
2007-07-11 20:30:00,0.27266666
2007-07-11 20:45:00,0.26373333
2007-07-11 21:00:00,0.30906668
2007-07-11 21:15:00,0.2332
2007-07-11 21:30:00,0.25893334
2007-07-11 21:45:00,0.16253333
2007-07-11 22:00:00,0.2088
2007-07-11 22:15:00,0.20666666
2007-07-11 22:30:00,0.18746667
2007-07-11 22:45:00,0.21466666
2007-07-11 23:00:00,0.18266667
2007-07-11 23:15:00,0.20639999
2007-07-11 23:30:00,0.2192
2007-07-11 23:45:00,0.29426667
2007-07-12 00:00:00,0.2624
2007-07-12 00:15:00,0.70533335
2007-07-12 00:30:00,0.31093332
2007-07-12 00:45:00,0.76853335
2007-07-12 01:00:00,1.2690667
2007-07-12 01:15:00,1.1998667
2007-07-12 01:30:00,0.5296
2007-07-12 01:45:00,0.16013333
2007-07-12 02:00:00,0.2216
2007-07-12 02:15:00,0.19186667
2007-07-12 02:30:00,0.15773334
2007-07-12 02:45:00,0.33786666
2007-07-12 03:00:00,0.214
2007-07-12 03:15:00,0.29466668
2007-07-12 03:30:00,0.2356
2007-07-12 03:45:00,0.17586666
2007-07-12 04:00:00,0.23573333
2007-07-12 04:15:00,0.15053333
2007-07-12 04:30:00,0.20733333
2007-07-12 04:45:00,0.18813333
2007-07-12 05:00:00,0.19733334
2007-07-12 05:15:00,0.1868
2007-07-12 05:30:00,0.22466667
2007-07-12 05:45:00,0.27373332
2007-07-12 06:00:00,0.25573334
2007-07-12 06:15:00,0.28066668
2007-07-12 06:30:00,0.18106666
2007-07-12 06:45:00,0.23746666
2007-07-12 07:00:00,0.1688
2007-07-12 07:15:00,0.16533333
2007-07-12 07:30:00,1.0192
2007-07-12 07:45:00,0.206
2007-07-12 08:00:00,0.45653334
2007-07-12 08:15:00,1.5394666
2007-07-12 08:30:00,1.3101333
2007-07-12 08:45:00,1.3606666
2007-07-12 09:00:00,1.3130667
2007-07-12 09:15:00,1.2850666
2007-07-12 09:30:00,0.22106667
2007-07-12 09:45:00,0.20693333
2007-07-12 10:00:00,0.14413333
2007-07-12 10:15:00,0.2368
2007-07-12 10:30:00,0.16786666
2007-07-12 10:45:00,0.1824
2007-07-12 11:00:00,0.22
2007-07-12 11:15:00,0.1432
2007-07-12 11:30:00,0.2732
2007-07-12 11:45:00,0.23560001
2007-07-12 12:00:00,0.26573333
2007-07-12 12:15:00,0.28253335
2007-07-12 12:30:00,0.2072
2007-07-12 12:45:00,0.1916
2007-07-12 13:00:00,0.31413335
2007-07-12 13:15:00,0.39253333
2007-07-12 13:30:00,0.2536
2007-07-12 13:45:00,0.2212
2007-07-12 14:00:00,0.16613333
2007-07-12 14:15:00,0.21906666
2007-07-12 14:30:00,0.21813333
2007-07-12 14:45:00,0.23426667
2007-07-12 15:00:00,0.326
2007-07-12 15:15:00,0.2084
2007-07-12 15:30:00,0.24733333
2007-07-12 15:45:00,0.20866667
2007-07-12 16:00:00,0.18093334
2007-07-12 16:15:00,0.1968
2007-07-12 16:30:00,0.19066666
2007-07-12 16:45:00,0.208
2007-07-12 17:00:00,0.71933335
2007-07-12 17:15:00,1.3730667
2007-07-12 17:30:00,1.3025334
2007-07-12 17:45:00,0.79613334
2007-07-12 18:00:00,0.32533333
2007-07-12 18:15:00,0.32613334
2007-07-12 18:30:00,1.2012
2007-07-12 18:45:00,1.6597333
2007-07-12 19:00:00,1.7737334
2007-07-12 19:15:00,3.8856
2007-07-12 19:30:00,2.0898666
2007-07-12 19:45:00,0.86053336
2007-07-12 20:00:00,0.6976
2007-07-12 20:15:00,0.5952
2007-07-12 20:30:00,2.2598667
2007-07-12 20:45:00,4.6465335
2007-07-12 21:00:00,2.9972
2007-07-12 21:15:00,3.0892
2007-07-12 21:30:00,3.1021333
2007-07-12 21:45:00,2.2469335
2007-07-12 22:00:00,3.2274666
2007-07-12 22:15:00,2.308
2007-07-12 22:30:00,1.3558667
2007-07-12 22:45:00,1.4016
2007-07-12 23:00:00,1.1038667
2007-07-12 23:15:00,0.21146667
2007-07-12 23:30:00,0.28186667
2007-07-12 23:45:00,0.22479999
2007-07-13 00:00:00,0.35693333
2007-07-13 00:15:00,0.28613335
2007-07-13 00:30:00,0.28293332
2007-07-13 00:45:00,0.33053333
2007-07-13 01:00:00,0.1716
2007-07-13 01:15:00,0.27853334
2007-07-13 01:30:00,0.19693333
2007-07-13 01:45:00,0.22026667
2007-07-13 02:00:00,0.25186667
2007-07-13 02:15:00,0.17066666
2007-07-13 02:30:00,0.2856
2007-07-13 02:45:00,0.1824
2007-07-13 03:00:00,0.31253335
2007-07-13 03:15:00,0.31413335
2007-07-13 03:30:00,0.26013333
2007-07-13 03:45:00,0.3388
2007-07-13 04:00:00,0.17666668
2007-07-13 04:15:00,0.23413333
2007-07-13 04:30:00,0.2304
2007-07-13 04:45:00,0.21000001
2007-07-13 05:00:00,0.23133333
2007-07-13 05:15:00,0.2056
2007-07-13 05:30:00,0.22973333
2007-07-13 05:45:00,0.21106666
2007-07-13 06:00:00,0.3184
2007-07-13 06:15:00,0.26293334
2007-07-13 06:30:00,0.32373333
2007-07-13 06:45:00,0.28066668
2007-07-13 07:00:00,1.456
2007-07-13 07:15:00,2.1794667
2007-07-13 07:30:00,1.9082667
2007-07-13 07:45:00,1.4042667
2007-07-13 08:00:00,1.6068
2007-07-13 08:15:00,1.588
2007-07-13 08:30:00,1.54
2007-07-13 08:45:00,1.2352
2007-07-13 09:00:00,1.314
2007-07-13 09:15:00,1.3562666
2007-07-13 09:30:00,1.3292
2007-07-13 09:45:00,1.3045334
2007-07-13 10:00:00,1.2858666
2007-07-13 10:15:00,1.2229333
2007-07-13 10:30:00,0.42186666
2007-07-13 10:45:00,0.18533333
2007-07-13 11:00:00,0.21173333
2007-07-13 11:15:00,0.20253333
2007-07-13 11:30:00,0.19786666
2007-07-13 11:45:00,0.23293333
2007-07-13 12:00:00,0.252
2007-07-13 12:15:00,0.34106666
2007-07-13 12:30:00,0.2488
2007-07-13 12:45:00,0.29386666
2007-07-13 13:00:00,0.25413334
2007-07-13 13:15:00,0.168
2007-07-13 13:30:00,0.25173333
2007-07-13 13:45:00,0.14506668
2007-07-13 14:00:00,0.25826666
2007-07-13 14:15:00,0.1712
2007-07-13 14:30:00,0.28280002
2007-07-13 14:45:00,0.19786666
2007-07-13 15:00:00,0.19906667
2007-07-13 15:15:00,0.342
2007-07-13 15:30:00,0.22306667
2007-07-13 15:45:00,0.33226666
2007-07-13 16:00:00,0.29160002
2007-07-13 16:15:00,0.27706668
2007-07-13 16:30:00,0.24893333
2007-07-13 16:45:00,0.18586667
2007-07-13 17:00:00,0.21586667
2007-07-13 17:15:00,0.20893334
2007-07-13 17:30:00,0.2236
2007-07-13 17:45:00,0.18866667
2007-07-13 18:00:00,0.24626666
2007-07-13 18:15:00,0.33413333
2007-07-13 18:30:00,0.6089333
2007-07-13 18:45:00,0.52893335
2007-07-13 19:00:00,0.54146665
2007-07-13 19:15:00,0.57746667
2007-07-13 19:30:00,1.4413333
2007-07-13 19:45:00,2.2437334
2007-07-13 20:00:00,1.5466666
2007-07-13 20:15:00,0.56893337
2007-07-13 20:30:00,0.6369333
2007-07-13 20:45:00,0.5169333
2007-07-13 21:00:00,0.398
2007-07-13 21:15:00,0.5072
2007-07-13 21:30:00,0.4844
2007-07-13 21:45:00,0.5926667
2007-07-13 22:00:00,1.0293334
2007-07-13 22:15:00,0.9018667
2007-07-13 22:30:00,0.8197333
2007-07-13 22:45:00,0.9126667
2007-07-13 23:00:00,0.81546664
2007-07-13 23:15:00,0.83533335
2007-07-13 23:30:00,0.39626667
2007-07-13 23:45:00,0.33466667
2007-07-14 00:00:00,0.9932
2007-07-14 00:15:00,1.3844
2007-07-14 00:30:00,1.5850667
2007-07-14 00:45:00,0.47573334
2007-07-14 01:00:00,0.36893332
2007-07-14 01:15:00,0.3068
2007-07-14 01:30:00,0.23013334
2007-07-14 01:45:00,0.18653333
2007-07-14 02:00:00,0.1916
2007-07-14 02:15:00,0.16853334
2007-07-14 02:30:00,0.21053334
2007-07-14 02:45:00,0.18786667
2007-07-14 03:00:00,0.1484
2007-07-14 03:15:00,0.246
2007-07-14 03:30:00,0.18293333
2007-07-14 03:45:00,0.31333333
2007-07-14 04:00:00,0.2368
2007-07-14 04:15:00,0.24786668
2007-07-14 04:30:00,0.28226668
2007-07-14 04:45:00,0.15746666
2007-07-14 05:00:00,0.18866667
2007-07-14 05:15:00,0.1904
2007-07-14 05:30:00,0.2028
2007-07-14 05:45:00,0.15173334
2007-07-14 06:00:00,0.23186667
2007-07-14 06:15:00,0.14306666
2007-07-14 06:30:00,0.25373334
2007-07-14 06:45:00,0.25466666
2007-07-14 07:00:00,0.23413333
2007-07-14 07:15:00,0.30413333
2007-07-14 07:30:00,0.21253332
2007-07-14 07:45:00,1.1598667
2007-07-14 08:00:00,1.2209333
2007-07-14 08:15:00,0.884
2007-07-14 08:30:00,0.164
2007-07-14 08:45:00,0.2136
2007-07-14 09:00:00,1.2614666
2007-07-14 09:15:00,0.31573334
2007-07-14 09:30:00,0.244
2007-07-14 09:45:00,1.3244
2007-07-14 10:00:00,1.4344
2007-07-14 10:15:00,1.376
2007-07-14 10:30:00,2.9864
2007-07-14 10:45:00,1.3686666
2007-07-14 11:00:00,1.3412
2007-07-14 11:15:00,3.1134667
2007-07-14 11:30:00,1.3161334
2007-07-14 11:45:00,1.4769334
2007-07-14 12:00:00,1.1762667
2007-07-14 12:15:00,0.264
2007-07-14 12:30:00,0.17066666
2007-07-14 12:45:00,0.26573333
2007-07-14 13:00:00,0.31066668
2007-07-14 13:15:00,0.4008
2007-07-14 13:30:00,0.40333334
2007-07-14 13:45:00,0.42653334
2007-07-14 14:00:00,0.58786666
2007-07-14 14:15:00,3.0016
2007-07-14 14:30:00,2.2836
2007-07-14 14:45:00,0.6950667
2007-07-14 15:00:00,0.83786666
2007-07-14 15:15:00,1.7934667
2007-07-14 15:30:00,0.31106666
2007-07-14 15:45:00,0.21986666
2007-07-14 16:00:00,1.2754667
2007-07-14 16:15:00,1.3486667
2007-07-14 16:30:00,0.66213334
2007-07-14 16:45:00,2.0321333
2007-07-14 17:00:00,0.5981333
2007-07-14 17:15:00,0.49453333
2007-07-14 17:30:00,0.46373332
2007-07-14 17:45:00,0.7769333
2007-07-14 18:00:00,0.95706666
2007-07-14 18:15:00,0.9696
2007-07-14 18:30:00,0.7962667
2007-07-14 18:45:00,0.9592
2007-07-14 19:00:00,3.696
2007-07-14 19:15:00,4.4482665
2007-07-14 19:30:00,3.9568
2007-07-14 19:45:00,2.9065332
2007-07-14 20:00:00,1.7172
2007-07-14 20:15:00,0.8562667
2007-07-14 20:30:00,0.6257333
2007-07-14 20:45:00,0.53146666
2007-07-14 21:00:00,0.3788
2007-07-14 21:15:00,0.49466667
2007-07-14 21:30:00,0.5964
2007-07-14 21:45:00,1.3604
2007-07-14 22:00:00,2.0566666
2007-07-14 22:15:00,1.6805333
2007-07-14 22:30:00,1.5344
2007-07-14 22:45:00,1.3098667
2007-07-14 23:00:00,0.51813334
2007-07-14 23:15:00,0.47786668
2007-07-14 23:30:00,0.26146668
2007-07-14 23:45:00,0.31493333
2007-07-15 00:00:00,0.2532
2007-07-15 00:15:00,0.25906667
2007-07-15 00:30:00,0.19853334
2007-07-15 00:45:00,0.29533333
2007-07-15 01:00:00,0.25706667
2007-07-15 01:15:00,0.30253333
2007-07-15 01:30:00,0.3484
2007-07-15 01:45:00,0.30826667
2007-07-15 02:00:00,0.30013332
2007-07-15 02:15:00,0.3348
2007-07-15 02:30:00,0.21466666
2007-07-15 02:45:00,0.24773332
2007-07-15 03:00:00,0.25813332
2007-07-15 03:15:00,0.19826667
2007-07-15 03:30:00,0.294
2007-07-15 03:45:00,0.2016
2007-07-15 04:00:00,0.25306666
2007-07-15 04:15:00,0.27226666
2007-07-15 04:30:00,0.30106667
2007-07-15 04:45:00,0.32933334
2007-07-15 05:00:00,0.296
2007-07-15 05:15:00,0.29106668
2007-07-15 05:30:00,0.29933333
2007-07-15 05:45:00,0.18746667
2007-07-15 06:00:00,0.29586667
2007-07-15 06:15:00,0.19093333
2007-07-15 06:30:00,0.25666666
2007-07-15 06:45:00,0.22493334
2007-07-15 07:00:00,0.82493335
2007-07-15 07:15:00,1.3033333
2007-07-15 07:30:00,0.7332
2007-07-15 07:45:00,0.292
2007-07-15 08:00:00,0.3288
2007-07-15 08:15:00,0.9892
2007-07-15 08:30:00,0.66253334
2007-07-15 08:45:00,0.40146667
2007-07-15 09:00:00,0.33666667
2007-07-15 09:15:00,0.2512
2007-07-15 09:30:00,0.31733334
2007-07-15 09:45:00,0.25666666
2007-07-15 10:00:00,0.35773334
2007-07-15 10:15:00,0.3248
2007-07-15 10:30:00,0.33346668
2007-07-15 10:45:00,0.42906666
2007-07-15 11:00:00,0.33586666
2007-07-15 11:15:00,0.3348
2007-07-15 11:30:00,0.332
2007-07-15 11:45:00,0.29773334
2007-07-15 12:00:00,0.33786666
2007-07-15 12:15:00,0.5086667
2007-07-15 12:30:00,0.35173333
2007-07-15 12:45:00,0.73106664
2007-07-15 13:00:00,1.3389333
2007-07-15 13:15:00,1.36
2007-07-15 13:30:00,0.79440004
2007-07-15 13:45:00,0.3492
2007-07-15 14:00:00,0.25946668
2007-07-15 14:15:00,1.4050667
2007-07-15 14:30:00,1.4401333
2007-07-15 14:45:00,2.8734667
2007-07-15 15:00:00,1.5185333
2007-07-15 15:15:00,0.35986668
2007-07-15 15:30:00,2.1361332
2007-07-15 15:45:00,0.3744
2007-07-15 16:00:00,0.28333333
2007-07-15 16:15:00,0.63053334
2007-07-15 16:30:00,0.5313333
2007-07-15 16:45:00,0.631
2007-07-15 17:00:00,0.74826664
2007-07-15 17:15:00,0.8655333
2007-07-15 17:30:00,0.9828
2007-07-15 17:45:00,1.1000667
2007-07-15 18:00:00,1.2173333
2007-07-15 18:15:00,0.6473333
2007-07-15 18:30:00,0.6143175
2007-07-15 18:45:00,0.58130157
2007-07-15 19:00:00,0.5482857
2007-07-15 19:15:00,0.5718667
2007-07-15 19:30:00,0.4808
2007-07-15 19:45:00,0.8609333
2007-07-15 20:00:00,0.71066666
2007-07-15 20:15:00,0.6992
2007-07-15 20:30:00,0.74840003
2007-07-15 20:45:00,1.6429334
2007-07-15 21:00:00,1.9656
2007-07-15 21:15:00,1.7326666
2007-07-15 21:30:00,1.6846666
2007-07-15 21:45:00,1.894
2007-07-15 22:00:00,2.1249332
2007-07-15 22:15:00,2.0058668
2007-07-15 22:30:00,1.8269334
2007-07-15 22:45:00,1.3241333
2007-07-15 23:00:00,1.3728
2007-07-15 23:15:00,1.3213333
2007-07-15 23:30:00,1.3730667
2007-07-15 23:45:00,1.3709333
2007-07-16 00:00:00,1.2146667
2007-07-16 00:15:00,0.30866668
2007-07-16 00:30:00,0.24866667
2007-07-16 00:45:00,0.20986667
2007-07-16 01:00:00,0.2564
2007-07-16 01:15:00,0.228
2007-07-16 01:30:00,0.19773333
2007-07-16 01:45:00,0.28440002
2007-07-16 02:00:00,0.16293333
2007-07-16 02:15:00,0.32613334
2007-07-16 02:30:00,0.26
2007-07-16 02:45:00,0.3104
2007-07-16 03:00:00,0.29466668
2007-07-16 03:15:00,0.30986667
2007-07-16 03:30:00,0.2532
2007-07-16 03:45:00,0.26813334
2007-07-16 04:00:00,0.1768
2007-07-16 04:15:00,0.2756
2007-07-16 04:30:00,0.1952
2007-07-16 04:45:00,0.22146666
2007-07-16 05:00:00,0.24933334
2007-07-16 05:15:00,0.20706667
2007-07-16 05:30:00,0.30093333
2007-07-16 05:45:00,0.31226668
2007-07-16 06:00:00,0.27453333
2007-07-16 06:15:00,0.32266667
2007-07-16 06:30:00,0.28533334
2007-07-16 06:45:00,0.9241333
2007-07-16 07:00:00,1.2550666
2007-07-16 07:15:00,1.4102666
2007-07-16 07:30:00,1.3412
2007-07-16 07:45:00,1.4937333
2007-07-16 08:00:00,1.2965333
2007-07-16 08:15:00,1.1778667
2007-07-16 08:30:00,1.2434667
2007-07-16 08:45:00,1.3168
2007-07-16 09:00:00,0.59786665
2007-07-16 09:15:00,0.25546667
2007-07-16 09:30:00,0.3672
2007-07-16 09:45:00,0.21853334
2007-07-16 10:00:00,0.27973333
2007-07-16 10:15:00,0.1944
2007-07-16 10:30:00,0.244
2007-07-16 10:45:00,0.21346667
2007-07-16 11:00:00,0.25439999
2007-07-16 11:15:00,0.17226668
2007-07-16 11:30:00,0.30213332
2007-07-16 11:45:00,0.25800002
2007-07-16 12:00:00,0.31986666
2007-07-16 12:15:00,0.30626667
2007-07-16 12:30:00,0.28906667
2007-07-16 12:45:00,0.4
2007-07-16 13:00:00,0.3632
2007-07-16 13:15:00,1.298
2007-07-16 13:30:00,0.898
2007-07-16 13:45:00,0.30573332
2007-07-16 14:00:00,1.0057334
2007-07-16 14:15:00,1.2189333
2007-07-16 14:30:00,0.1612
2007-07-16 14:45:00,0.39146665
2007-07-16 15:00:00,1.3144
2007-07-16 15:15:00,1.2776
2007-07-16 15:30:00,0.30653334
2007-07-16 15:45:00,0.31586668
2007-07-16 16:00:00,0.21226667
2007-07-16 16:15:00,0.20560001
2007-07-16 16:30:00,0.2364
2007-07-16 16:45:00,0.16786666
2007-07-16 17:00:00,0.23306666
2007-07-16 17:15:00,0.19866666
2007-07-16 17:30:00,0.7324
2007-07-16 17:45:00,0.43
2007-07-16 18:00:00,0.49613333
2007-07-16 18:15:00,0.43386668
2007-07-16 18:30:00,1.0886667
2007-07-16 18:45:00,0.78173333
2007-07-16 19:00:00,0.62133336
2007-07-16 19:15:00,0.44586667
2007-07-16 19:30:00,1.0604
2007-07-16 19:45:00,1.5128
2007-07-16 20:00:00,1.4995999
2007-07-16 20:15:00,1.5741333
2007-07-16 20:30:00,1.0950667
2007-07-16 20:45:00,0.7868
2007-07-16 21:00:00,0.8986667
2007-07-16 21:15:00,0.9608
2007-07-16 21:30:00,0.65933335
2007-07-16 21:45:00,0.54746664
2007-07-16 22:00:00,0.6142667
2007-07-16 22:15:00,1.3432
2007-07-16 22:30:00,1.5344
2007-07-16 22:45:00,1.7493334
2007-07-16 23:00:00,1.0846667
2007-07-16 23:15:00,0.326
2007-07-16 23:30:00,0.2288
2007-07-16 23:45:00,0.20866667
2007-07-17 00:00:00,0.2088
2007-07-17 00:15:00,0.30359998
2007-07-17 00:30:00,0.28346667
2007-07-17 00:45:00,0.234
2007-07-17 01:00:00,0.32973334
2007-07-17 01:15:00,0.22093333
2007-07-17 01:30:00,0.2472
2007-07-17 01:45:00,0.174
2007-07-17 02:00:00,0.22333333
2007-07-17 02:15:00,0.1952
2007-07-17 02:30:00,0.2228
2007-07-17 02:45:00,0.15106668
2007-07-17 03:00:00,0.25973332
2007-07-17 03:15:00,0.20813334
2007-07-17 03:30:00,0.29346666
2007-07-17 03:45:00,0.27546668
2007-07-17 04:00:00,0.24679999
2007-07-17 04:15:00,0.30586666
2007-07-17 04:30:00,0.17946666
2007-07-17 04:45:00,0.20253333
2007-07-17 05:00:00,0.19933334
2007-07-17 05:15:00,0.2172
2007-07-17 05:30:00,0.16306667
2007-07-17 05:45:00,0.2424
2007-07-17 06:00:00,0.1552
2007-07-17 06:15:00,0.2810667
2007-07-17 06:30:00,0.25746667
2007-07-17 06:45:00,1.1382667
2007-07-17 07:00:00,0.5769333
2007-07-17 07:15:00,0.40213335
2007-07-17 07:30:00,1.202
2007-07-17 07:45:00,1.6464
2007-07-17 08:00:00,2.6425333
2007-07-17 08:15:00,1.2277334
2007-07-17 08:30:00,1.2972
2007-07-17 08:45:00,2.892
2007-07-17 09:00:00,1.2573333
2007-07-17 09:15:00,1.1742667
2007-07-17 09:30:00,0.27706668
2007-07-17 09:45:00,0.2836
2007-07-17 10:00:00,0.25626665
2007-07-17 10:15:00,0.25106665
2007-07-17 10:30:00,0.24106666
2007-07-17 10:45:00,0.1728
2007-07-17 11:00:00,0.2032
2007-07-17 11:15:00,0.20133333
2007-07-17 11:30:00,0.1652
2007-07-17 11:45:00,0.23426667
2007-07-17 12:00:00,0.1628
2007-07-17 12:15:00,0.21506667
2007-07-17 12:30:00,0.29013333
2007-07-17 12:45:00,0.2668
2007-07-17 13:00:00,0.23346667
2007-07-17 13:15:00,0.30906668
2007-07-17 13:30:00,0.1884
2007-07-17 13:45:00,0.23653333
2007-07-17 14:00:00,0.16653334
2007-07-17 14:15:00,0.2068
2007-07-17 14:30:00,0.19133334
2007-07-17 14:45:00,0.21493334
2007-07-17 15:00:00,0.138
2007-07-17 15:15:00,0.2676
2007-07-17 15:30:00,0.2224
2007-07-17 15:45:00,0.3104
2007-07-17 16:00:00,0.2412
2007-07-17 16:15:00,0.28866667
2007-07-17 16:30:00,0.23866667
2007-07-17 16:45:00,0.23253334
2007-07-17 17:00:00,0.13346668
2007-07-17 17:15:00,0.27773333
2007-07-17 17:30:00,0.13253334
2007-07-17 17:45:00,0.23773333
2007-07-17 18:00:00,0.17666666
2007-07-17 18:15:00,0.55733335
2007-07-17 18:30:00,1.4593333
2007-07-17 18:45:00,1.5369333
2007-07-17 19:00:00,0.61266667
2007-07-17 19:15:00,0.58746666
2007-07-17 19:30:00,0.44706666
2007-07-17 19:45:00,0.4904
2007-07-17 20:00:00,0.41773334
2007-07-17 20:15:00,0.4672
2007-07-17 20:30:00,1.3162667
2007-07-17 20:45:00,0.44893333
2007-07-17 21:00:00,0.398
2007-07-17 21:15:00,0.35413334
2007-07-17 21:30:00,1.0864
2007-07-17 21:45:00,2.0542667
2007-07-17 22:00:00,2.2733333
2007-07-17 22:15:00,1.7425333
2007-07-17 22:30:00,0.66746664
2007-07-17 22:45:00,0.50666666
2007-07-17 23:00:00,0.32706666
2007-07-17 23:15:00,0.2088
2007-07-17 23:30:00,0.2736
2007-07-17 23:45:00,0.1384
2007-07-18 00:00:00,0.22786666
2007-07-18 00:15:00,0.1764
2007-07-18 00:30:00,0.2364
2007-07-18 00:45:00,0.25213334
2007-07-18 01:00:00,0.2948
2007-07-18 01:15:00,0.19906667
2007-07-18 01:30:00,0.33026665
2007-07-18 01:45:00,0.16213334
2007-07-18 02:00:00,0.2428
2007-07-18 02:15:00,0.15133333
2007-07-18 02:30:00,0.19773333
2007-07-18 02:45:00,0.19026667
2007-07-18 03:00:00,0.19853333
2007-07-18 03:15:00,0.162
2007-07-18 03:30:00,0.23466666
2007-07-18 03:45:00,0.22013333
2007-07-18 04:00:00,0.3228
2007-07-18 04:15:00,0.20906667
2007-07-18 04:30:00,0.27826667
2007-07-18 04:45:00,0.20026667
2007-07-18 05:00:00,0.1944
2007-07-18 05:15:00,0.18346667
2007-07-18 05:30:00,0.19853333
2007-07-18 05:45:00,0.13986667
2007-07-18 06:00:00,0.24133334
2007-07-18 06:15:00,0.13666667
2007-07-18 06:30:00,0.24946667
2007-07-18 06:45:00,1.8713334
2007-07-18 07:00:00,2.0464
2007-07-18 07:15:00,1.8934666
2007-07-18 07:30:00,1.9082667
2007-07-18 07:45:00,1.8786666
2007-07-18 08:00:00,1.6577333
2007-07-18 08:15:00,2.2030666
2007-07-18 08:30:00,3.0496
2007-07-18 08:45:00,1.5372
2007-07-18 09:00:00,1.3017334
2007-07-18 09:15:00,2.7794666
2007-07-18 09:30:00,1.2082667
2007-07-18 09:45:00,1.2142667
2007-07-18 10:00:00,1.1977333
2007-07-18 10:15:00,1.204
2007-07-18 10:30:00,1.1993333
2007-07-18 10:45:00,1.1174667
2007-07-18 11:00:00,0.2916
2007-07-18 11:15:00,0.14266667
2007-07-18 11:30:00,0.22933334
2007-07-18 11:45:00,0.15893333
2007-07-18 12:00:00,0.1856
2007-07-18 12:15:00,0.20413333
2007-07-18 12:30:00,0.2164
2007-07-18 12:45:00,0.2588
2007-07-18 13:00:00,0.2788
2007-07-18 13:15:00,0.22026667
2007-07-18 13:30:00,0.3036
2007-07-18 13:45:00,0.16893333
2007-07-18 14:00:00,0.1924
2007-07-18 14:15:00,0.19693333
2007-07-18 14:30:00,0.1768
2007-07-18 14:45:00,0.1956
2007-07-18 15:00:00,0.19293334
2007-07-18 15:15:00,0.15773334
2007-07-18 15:30:00,0.26653334
2007-07-18 15:45:00,0.24066667
2007-07-18 16:00:00,0.2604
2007-07-18 16:15:00,0.27426666
2007-07-18 16:30:00,0.23386666
2007-07-18 16:45:00,0.23666666
2007-07-18 17:00:00,0.18026666
2007-07-18 17:15:00,0.17333333
2007-07-18 17:30:00,0.222
2007-07-18 17:45:00,0.35826665
2007-07-18 18:00:00,0.41546667
2007-07-18 18:15:00,0.3281333
2007-07-18 18:30:00,0.25053334
2007-07-18 18:45:00,0.5492
2007-07-18 19:00:00,0.91693336
2007-07-18 19:15:00,1.2436
2007-07-18 19:30:00,1.0828
2007-07-18 19:45:00,0.27973333
2007-07-18 20:00:00,0.15413333
2007-07-18 20:15:00,0.2416
2007-07-18 20:30:00,0.18826666
2007-07-18 20:45:00,0.21453333
2007-07-18 21:00:00,0.17506666
2007-07-18 21:15:00,0.23413333
2007-07-18 21:30:00,0.16693333
2007-07-18 21:45:00,0.3472
2007-07-18 22:00:00,0.6361333
2007-07-18 22:15:00,0.37266666
2007-07-18 22:30:00,0.26839998
2007-07-18 22:45:00,0.278
2007-07-18 23:00:00,0.20346667
2007-07-18 23:15:00,0.20453334
2007-07-18 23:30:00,0.17773333
2007-07-18 23:45:00,0.22653334
2007-07-19 00:00:00,0.14466667
2007-07-19 00:15:00,0.25666666
2007-07-19 00:30:00,0.16266666
2007-07-19 00:45:00,0.30226666
2007-07-19 01:00:00,0.25493333
2007-07-19 01:15:00,0.2604
2007-07-19 01:30:00,0.27653334
2007-07-19 01:45:00,0.234
2007-07-19 02:00:00,0.16706666
2007-07-19 02:15:00,0.23026666
2007-07-19 02:30:00,0.15506667
2007-07-19 02:45:00,0.23266667
2007-07-19 03:00:00,0.16946667
2007-07-19 03:15:00,0.1852
2007-07-19 03:30:00,0.22546667
2007-07-19 03:45:00,0.26733333
2007-07-19 04:00:00,0.2624
2007-07-19 04:15:00,0.2804
2007-07-19 04:30:00,0.22813334
2007-07-19 04:45:00,0.2732
2007-07-19 05:00:00,0.1684
2007-07-19 05:15:00,0.22546667
2007-07-19 05:30:00,0.82413334
2007-07-19 05:45:00,1.1994667
2007-07-19 06:00:00,1.9814667
2007-07-19 06:15:00,1.3866667
2007-07-19 06:30:00,0.46653333
2007-07-19 06:45:00,0.5384
2007-07-19 07:00:00,0.37893334
2007-07-19 07:15:00,0.42066666
2007-07-19 07:30:00,0.59786665
2007-07-19 07:45:00,1.3442667
2007-07-19 08:00:00,1.1550666
2007-07-19 08:15:00,1.1602666
2007-07-19 08:30:00,1.0856
2007-07-19 08:45:00,0.18213333
2007-07-19 09:00:00,0.1784
2007-07-19 09:15:00,0.216
2007-07-19 09:30:00,0.152
2007-07-19 09:45:00,0.3124
2007-07-19 10:00:00,0.24146666
2007-07-19 10:15:00,0.26293334
2007-07-19 10:30:00,0.28053334
2007-07-19 10:45:00,0.24453333
2007-07-19 11:00:00,0.1916
2007-07-19 11:15:00,0.20613334
2007-07-19 11:30:00,0.15653333
2007-07-19 11:45:00,0.24173333
2007-07-19 12:00:00,0.1604
2007-07-19 12:15:00,0.1936
2007-07-19 12:30:00,0.206
2007-07-19 12:45:00,0.23773333
2007-07-19 13:00:00,0.28013334
2007-07-19 13:15:00,0.26413333
2007-07-19 13:30:00,0.23653333
2007-07-19 13:45:00,0.30053332
2007-07-19 14:00:00,0.18266666
2007-07-19 14:15:00,0.18466666
2007-07-19 14:30:00,0.22146666
2007-07-19 14:45:00,0.16413333
2007-07-19 15:00:00,0.21813333
2007-07-19 15:15:00,0.1876
2007-07-19 15:30:00,0.18226667
2007-07-19 15:45:00,0.27
2007-07-19 16:00:00,0.26626667
2007-07-19 16:15:00,0.24213333
2007-07-19 16:30:00,0.31266665
2007-07-19 16:45:00,0.22253333
2007-07-19 17:00:00,0.25533333
2007-07-19 17:15:00,0.17626667
2007-07-19 17:30:00,0.26906666
2007-07-19 17:45:00,0.8165333
2007-07-19 18:00:00,1.3717333
2007-07-19 18:15:00,1.3437333
2007-07-19 18:30:00,0.47293332
2007-07-19 18:45:00,0.1744
2007-07-19 19:00:00,0.4396
2007-07-19 19:15:00,0.6645333
2007-07-19 19:30:00,0.99626666
2007-07-19 19:45:00,0.66386664
2007-07-19 20:00:00,1.4442667
2007-07-19 20:15:00,2.568
2007-07-19 20:30:00,1.6377333
2007-07-19 20:45:00,0.37
2007-07-19 21:00:00,0.35893333
2007-07-19 21:15:00,0.34786665
2007-07-19 21:30:00,1.6510667
2007-07-19 21:45:00,0.83306664
2007-07-19 22:00:00,0.358
2007-07-19 22:15:00,0.32586667
2007-07-19 22:30:00,0.396
2007-07-19 22:45:00,0.2772
2007-07-19 23:00:00,0.42386666
2007-07-19 23:15:00,0.8548
2007-07-19 23:30:00,0.5354667
2007-07-19 23:45:00,0.264
2007-07-20 00:00:00,0.23866667
2007-07-20 00:15:00,0.22613333
2007-07-20 00:30:00,0.18813333
2007-07-20 00:45:00,0.18813333
2007-07-20 01:00:00,0.29173332
2007-07-20 01:15:00,0.27253333
2007-07-20 01:30:00,0.2504
2007-07-20 01:45:00,0.30893335
2007-07-20 02:00:00,0.20253333
2007-07-20 02:15:00,0.2928
2007-07-20 02:30:00,0.1292
2007-07-20 02:45:00,0.234
2007-07-20 03:00:00,0.17533334
2007-07-20 03:15:00,0.2164
2007-07-20 03:30:00,0.17746666
2007-07-20 03:45:00,0.2252
2007-07-20 04:00:00,0.19666666
2007-07-20 04:15:00,0.33973333
2007-07-20 04:30:00,0.22026667
2007-07-20 04:45:00,0.29426667
2007-07-20 05:00:00,0.25346667
2007-07-20 05:15:00,0.9558667
2007-07-20 05:30:00,1.2281333
2007-07-20 05:45:00,1.0505333
2007-07-20 06:00:00,0.17786667
2007-07-20 06:15:00,0.2228
2007-07-20 06:30:00,0.16853334
2007-07-20 06:45:00,0.21746667
2007-07-20 07:00:00,0.20786667
2007-07-20 07:15:00,0.25026667
2007-07-20 07:30:00,1.3757334
2007-07-20 07:45:00,0.34786665
2007-07-20 08:00:00,0.31293333
2007-07-20 08:15:00,0.3184
2007-07-20 08:30:00,0.25906667
2007-07-20 08:45:00,0.20906666
2007-07-20 09:00:00,1.1336
2007-07-20 09:15:00,1.5042666
2007-07-20 09:30:00,1.3644
2007-07-20 09:45:00,1.3482667
2007-07-20 10:00:00,1.2133334
2007-07-20 10:15:00,1.3346666
2007-07-20 10:30:00,0.7410667
2007-07-20 10:45:00,0.3528
2007-07-20 11:00:00,0.386
2007-07-20 11:15:00,0.3836
2007-07-20 11:30:00,0.26733333
2007-07-20 11:45:00,0.35786667
2007-07-20 12:00:00,0.26933333
2007-07-20 12:15:00,0.32586667
2007-07-20 12:30:00,0.3864
2007-07-20 12:45:00,1.3077333
2007-07-20 13:00:00,1.3365333
2007-07-20 13:15:00,0.9117333
2007-07-20 13:30:00,0.46613333
2007-07-20 13:45:00,0.64453334
2007-07-20 14:00:00,0.452
2007-07-20 14:15:00,0.4212
2007-07-20 14:30:00,0.394
2007-07-20 14:45:00,0.34306666
2007-07-20 15:00:00,1.6277333
2007-07-20 15:15:00,0.3924
2007-07-20 15:30:00,0.27040002
2007-07-20 15:45:00,0.2212
2007-07-20 16:00:00,0.3356
2007-07-20 16:15:00,0.27093333
2007-07-20 16:30:00,0.34386668
2007-07-20 16:45:00,0.38933334
2007-07-20 17:00:00,0.26506665
2007-07-20 17:15:00,1.084
2007-07-20 17:30:00,1.5534667
2007-07-20 17:45:00,1.2404001
2007-07-20 18:00:00,1.9556
2007-07-20 18:15:00,2.3262668
2007-07-20 18:30:00,4.0724
2007-07-20 18:45:00,2.8970666
2007-07-20 19:00:00,2.1070666
2007-07-20 19:15:00,1.8436
2007-07-20 19:30:00,1.9212
2007-07-20 19:45:00,1.8869333
2007-07-20 20:00:00,1.8298666
2007-07-20 20:15:00,0.9292
2007-07-20 20:30:00,0.8833333
2007-07-20 20:45:00,0.6933333
2007-07-20 21:00:00,0.6368
2007-07-20 21:15:00,0.8250667
2007-07-20 21:30:00,2.4665334
2007-07-20 21:45:00,1.6861334
2007-07-20 22:00:00,1.482
2007-07-20 22:15:00,1.0234667
2007-07-20 22:30:00,0.8746667
2007-07-20 22:45:00,2.6908
2007-07-20 23:00:00,0.35506666
2007-07-20 23:15:00,0.34226668
2007-07-20 23:30:00,0.24026667
2007-07-20 23:45:00,0.19466667
2007-07-21 00:00:00,0.1908
2007-07-21 00:15:00,0.18906666
2007-07-21 00:30:00,0.16866666
2007-07-21 00:45:00,0.20333333
2007-07-21 01:00:00,0.16093333
2007-07-21 01:15:00,0.2308
2007-07-21 01:30:00,0.2532
2007-07-21 01:45:00,0.2424
2007-07-21 02:00:00,0.27773333
2007-07-21 02:15:00,0.20333333
2007-07-21 02:30:00,0.27213332
2007-07-21 02:45:00,0.12786667
2007-07-21 03:00:00,0.22573334
2007-07-21 03:15:00,0.1452
2007-07-21 03:30:00,0.19706666
2007-07-21 03:45:00,0.17186667
2007-07-21 04:00:00,0.20426667
2007-07-21 04:15:00,0.186
2007-07-21 04:30:00,0.302
2007-07-21 04:45:00,0.18826666
2007-07-21 05:00:00,0.3212
2007-07-21 05:15:00,0.18733333
2007-07-21 05:30:00,0.25506666
2007-07-21 05:45:00,0.1332
2007-07-21 06:00:00,0.19666667
2007-07-21 06:15:00,0.17306666
2007-07-21 06:30:00,0.19106667
2007-07-21 06:45:00,1.1113334
2007-07-21 07:00:00,1.8235999
2007-07-21 07:15:00,1.9502666
2007-07-21 07:30:00,1.6037333
2007-07-21 07:45:00,1.4021333
2007-07-21 08:00:00,1.48
2007-07-21 08:15:00,1.5016
2007-07-21 08:30:00,1.3442667
2007-07-21 08:45:00,1.2325333
2007-07-21 09:00:00,1.2569333
2007-07-21 09:15:00,1.1704
2007-07-21 09:30:00,0.186
2007-07-21 09:45:00,0.1952
2007-07-21 10:00:00,0.23466668
2007-07-21 10:15:00,0.20586666
2007-07-21 10:30:00,0.48666665
2007-07-21 10:45:00,0.73253334
2007-07-21 11:00:00,1.2364
2007-07-21 11:15:00,1.468
2007-07-21 11:30:00,1.2304
2007-07-21 11:45:00,1.2406667
2007-07-21 12:00:00,1.1596
2007-07-21 12:15:00,0.26826668
2007-07-21 12:30:00,0.37626666
2007-07-21 12:45:00,1.5422667
2007-07-21 13:00:00,1.1921333
2007-07-21 13:15:00,0.54693335
2007-07-21 13:30:00,1.194
2007-07-21 13:45:00,1.2988
2007-07-21 14:00:00,1.3341334
2007-07-21 14:15:00,1.3304
2007-07-21 14:30:00,1.3098667
2007-07-21 14:45:00,0.49066666
2007-07-21 15:00:00,0.27066666
2007-07-21 15:15:00,0.25439999
2007-07-21 15:30:00,0.22826667
2007-07-21 15:45:00,0.35999998
2007-07-21 16:00:00,0.37546667
2007-07-21 16:15:00,0.36586666
2007-07-21 16:30:00,0.32733333
2007-07-21 16:45:00,0.40666667
2007-07-21 17:00:00,0.4556
2007-07-21 17:15:00,0.50266665
2007-07-21 17:30:00,0.5804
2007-07-21 17:45:00,0.508
2007-07-21 18:00:00,1.1101333
2007-07-21 18:15:00,1.6688
2007-07-21 18:30:00,1.7328
2007-07-21 18:45:00,1.5104
2007-07-21 19:00:00,1.6068
2007-07-21 19:15:00,1.4185333
2007-07-21 19:30:00,1.3881333
2007-07-21 19:45:00,1.3172
2007-07-21 20:00:00,1.3444
2007-07-21 20:15:00,1.3930666
2007-07-21 20:30:00,0.46853334
2007-07-21 20:45:00,0.31866667
2007-07-21 21:00:00,0.33426666
2007-07-21 21:15:00,0.356
2007-07-21 21:30:00,0.26986668
2007-07-21 21:45:00,0.39093333
2007-07-21 22:00:00,0.30906665
2007-07-21 22:15:00,0.2988
2007-07-21 22:30:00,0.39613333
2007-07-21 22:45:00,0.282
2007-07-21 23:00:00,0.6196
2007-07-21 23:15:00,1.9092
2007-07-21 23:30:00,2.4164
2007-07-21 23:45:00,2.4533334
2007-07-22 00:00:00,0.9845333
2007-07-22 00:15:00,0.33853334
2007-07-22 00:30:00,0.278
2007-07-22 00:45:00,0.5074667
2007-07-22 01:00:00,1.9173334
2007-07-22 01:15:00,0.2136
2007-07-22 01:30:00,0.21986666
2007-07-22 01:45:00,0.26680002
2007-07-22 02:00:00,0.15373333
2007-07-22 02:15:00,0.2188
2007-07-22 02:30:00,0.22906667
2007-07-22 02:45:00,0.18893333
2007-07-22 03:00:00,0.18106666
2007-07-22 03:15:00,0.22466667
2007-07-22 03:30:00,0.19093333
2007-07-22 03:45:00,0.15093334
2007-07-22 04:00:00,0.25666666
2007-07-22 04:15:00,0.1368
2007-07-22 04:30:00,0.20813334
2007-07-22 04:45:00,0.18253334
2007-07-22 05:00:00,0.2112
2007-07-22 05:15:00,0.1304
2007-07-22 05:30:00,0.26546666
2007-07-22 05:45:00,0.122
2007-07-22 06:00:00,0.21866667
2007-07-22 06:15:00,0.1796
2007-07-22 06:30:00,0.20333333
2007-07-22 06:45:00,0.1412
2007-07-22 07:00:00,0.2464
2007-07-22 07:15:00,1.1324
2007-07-22 07:30:00,1.5028
2007-07-22 07:45:00,1.1174667
2007-07-22 08:00:00,0.2
2007-07-22 08:15:00,0.1652
2007-07-22 08:30:00,0.30226666
2007-07-22 08:45:00,0.30773333
2007-07-22 09:00:00,0.21933334
2007-07-22 09:15:00,0.34466666
2007-07-22 09:30:00,0.38733333
2007-07-22 09:45:00,0.55186665
2007-07-22 10:00:00,1.016
2007-07-22 10:15:00,3.4594667
2007-07-22 10:30:00,4.0216
2007-07-22 10:45:00,1.7646667
2007-07-22 11:00:00,2.406
2007-07-22 11:15:00,3.3785334
2007-07-22 11:30:00,3.3066666
2007-07-22 11:45:00,3.0417333
2007-07-22 12:00:00,3.1444001
2007-07-22 12:15:00,2.1546667
2007-07-22 12:30:00,1.7552
2007-07-22 12:45:00,0.5296
2007-07-22 13:00:00,0.5358667
2007-07-22 13:15:00,0.39053333
2007-07-22 13:30:00,0.452
2007-07-22 13:45:00,4.1104
2007-07-22 14:00:00,2.0336
2007-07-22 14:15:00,2.3261333
2007-07-22 14:30:00,1.3105333
2007-07-22 14:45:00,0.24599999
2007-07-22 15:00:00,0.27373335
2007-07-22 15:15:00,0.22413333
2007-07-22 15:30:00,0.2912
2007-07-22 15:45:00,0.34573334
2007-07-22 16:00:00,0.26093334
2007-07-22 16:15:00,0.26373333
2007-07-22 16:30:00,0.24159999
2007-07-22 16:45:00,0.28186667
2007-07-22 17:00:00,0.20066667
2007-07-22 17:15:00,1.0597334
2007-07-22 17:30:00,0.8756
2007-07-22 17:45:00,0.3148
2007-07-22 18:00:00,0.2972
2007-07-22 18:15:00,0.2524
2007-07-22 18:30:00,0.4916
2007-07-22 18:45:00,1.1435714
2007-07-22 19:00:00,3.9853334
2007-07-22 19:15:00,3.044
2007-07-22 19:30:00,0.37266666
2007-07-22 19:45:00,0.28226668
2007-07-22 20:00:00,0.19506666
2007-07-22 20:15:00,0.5086667
2007-07-22 20:30:00,0.24146667
2007-07-22 20:45:00,0.4368
2007-07-22 21:00:00,1.304
2007-07-22 21:15:00,1.3562667
2007-07-22 21:30:00,1.5793333
2007-07-22 21:45:00,3.1057334
2007-07-22 22:00:00,3.3682666
2007-07-22 22:15:00,2.2772
2007-07-22 22:30:00,1.3993334
2007-07-22 22:45:00,1.3754667
2007-07-22 23:00:00,0.46506667
2007-07-22 23:15:00,0.8254667
2007-07-22 23:30:00,2.086
2007-07-22 23:45:00,0.38626665
2007-07-23 00:00:00,0.2444
2007-07-23 00:15:00,0.22933334
2007-07-23 00:30:00,0.2432
2007-07-23 00:45:00,0.18773334
2007-07-23 01:00:00,0.20626667
2007-07-23 01:15:00,0.20506667
2007-07-23 01:30:00,0.24133334
2007-07-23 01:45:00,0.1332
2007-07-23 02:00:00,0.28333333
2007-07-23 02:15:00,0.16493334
2007-07-23 02:30:00,0.19666667
2007-07-23 02:45:00,0.2364
2007-07-23 03:00:00,0.18533334
2007-07-23 03:15:00,0.1904
2007-07-23 03:30:00,0.22546667
2007-07-23 03:45:00,0.21373333
2007-07-23 04:00:00,0.13453333
2007-07-23 04:15:00,0.3
2007-07-23 04:30:00,0.13653333
2007-07-23 04:45:00,0.2108
2007-07-23 05:00:00,0.22466667
2007-07-23 05:15:00,0.19293334
2007-07-23 05:30:00,0.17066666
2007-07-23 05:45:00,0.24106666
2007-07-23 06:00:00,0.19213334
2007-07-23 06:15:00,0.14533333
2007-07-23 06:30:00,1.1437334
2007-07-23 06:45:00,1.1352
2007-07-23 07:00:00,0.32373333
2007-07-23 07:15:00,0.1864
2007-07-23 07:30:00,0.2028
2007-07-23 07:45:00,0.1388
2007-07-23 08:00:00,0.89
2007-07-23 08:15:00,0.48293334
2007-07-23 08:30:00,0.27213332
2007-07-23 08:45:00,0.188
2007-07-23 09:00:00,0.8168
2007-07-23 09:15:00,0.6396
2007-07-23 09:30:00,0.41733333
2007-07-23 09:45:00,0.2616
2007-07-23 10:00:00,0.19626667
2007-07-23 10:15:00,1.4866667
2007-07-23 10:30:00,2.0512
2007-07-23 10:45:00,2.0162666
2007-07-23 11:00:00,1.5692
2007-07-23 11:15:00,1.5237334
2007-07-23 11:30:00,0.59253335
2007-07-23 11:45:00,1.1226667
2007-07-23 12:00:00,3.0453334
2007-07-23 12:15:00,3.3005333
2007-07-23 12:30:00,3.5201333
2007-07-23 12:45:00,0.9414666
2007-07-23 13:00:00,0.31413332
2007-07-23 13:15:00,0.51346666
2007-07-23 13:30:00,0.3404
2007-07-23 13:45:00,0.4768
2007-07-23 14:00:00,0.61
2007-07-23 14:15:00,0.85506666
2007-07-23 14:30:00,0.8025333
2007-07-23 14:45:00,0.6929333
2007-07-23 15:00:00,1.2058667
2007-07-23 15:15:00,0.31333333
2007-07-23 15:30:00,0.2516
2007-07-23 15:45:00,0.28106666
2007-07-23 16:00:00,1.0948
2007-07-23 16:15:00,1.2134666
2007-07-23 16:30:00,1.3342667
2007-07-23 16:45:00,0.5110667
2007-07-23 17:00:00,0.31933334
2007-07-23 17:15:00,0.27133334
2007-07-23 17:30:00,0.28533334
2007-07-23 17:45:00,0.25306666
2007-07-23 18:00:00,0.2832
2007-07-23 18:15:00,0.41613334
2007-07-23 18:30:00,0.5572
2007-07-23 18:45:00,0.47013333
2007-07-23 19:00:00,0.6476
2007-07-23 19:15:00,0.9216
2007-07-23 19:30:00,0.5184
2007-07-23 19:45:00,1.2024
2007-07-23 20:00:00,1.4118667
2007-07-23 20:15:00,1.2196
2007-07-23 20:30:00,1.5349333
2007-07-23 20:45:00,1.6805333
2007-07-23 21:00:00,2.3669333
2007-07-23 21:15:00,0.46173334
2007-07-23 21:30:00,0.6202667
2007-07-23 21:45:00,1.2166667
2007-07-23 22:00:00,0.6721333
2007-07-23 22:15:00,2.4073334
2007-07-23 22:30:00,0.7208
2007-07-23 22:45:00,0.26333332
2007-07-23 23:00:00,0.1408
2007-07-23 23:15:00,0.2488
2007-07-23 23:30:00,0.1324
2007-07-23 23:45:00,0.21266666
2007-07-24 00:00:00,0.1712
2007-07-24 00:15:00,0.20386666
2007-07-24 00:30:00,0.13333334
2007-07-24 00:45:00,0.2268
2007-07-24 01:00:00,0.15546666
2007-07-24 01:15:00,0.14773333
2007-07-24 01:30:00,0.23613334
2007-07-24 01:45:00,0.13013333
2007-07-24 02:00:00,0.99453336
2007-07-24 02:15:00,1.1828
2007-07-24 02:30:00,0.41933334
2007-07-24 02:45:00,0.1128
2007-07-24 03:00:00,0.24693333
2007-07-24 03:15:00,0.13080001
2007-07-24 03:30:00,0.1684
2007-07-24 03:45:00,0.2108
2007-07-24 04:00:00,0.1492
2007-07-24 04:15:00,0.16933334
2007-07-24 04:30:00,0.18693334
2007-07-24 04:45:00,0.1892
2007-07-24 05:00:00,0.112
2007-07-24 05:15:00,0.26306665
2007-07-24 05:30:00,0.11186667
2007-07-24 05:45:00,0.18706667
2007-07-24 06:00:00,0.1892
2007-07-24 06:15:00,0.168
2007-07-24 06:30:00,0.14893334
2007-07-24 06:45:00,0.21133333
2007-07-24 07:00:00,0.964
2007-07-24 07:15:00,0.4436
2007-07-24 07:30:00,1.6345333
2007-07-24 07:45:00,2.6577332
2007-07-24 08:00:00,2.1594667
2007-07-24 08:15:00,1.3277333
2007-07-24 08:30:00,1.1753334
2007-07-24 08:45:00,1.1601334
2007-07-24 09:00:00,1.2126666
2007-07-24 09:15:00,1.1805333
2007-07-24 09:30:00,1.1281333
2007-07-24 09:45:00,1.2653333
2007-07-24 10:00:00,1.1196
2007-07-24 10:15:00,1.2101333
2007-07-24 10:30:00,1.1932
2007-07-24 10:45:00,1.1944
2007-07-24 11:00:00,1.1476
2007-07-24 11:15:00,1.2288
2007-07-24 11:30:00,0.44079998
2007-07-24 11:45:00,0.14773333
2007-07-24 12:00:00,0.25026667
2007-07-24 12:15:00,0.12693334
2007-07-24 12:30:00,0.2124
2007-07-24 12:45:00,0.18266667
2007-07-24 13:00:00,0.20493333
2007-07-24 13:15:00,0.13853334
2007-07-24 13:30:00,0.2412
2007-07-24 13:45:00,0.15986666
2007-07-24 14:00:00,0.16066666
2007-07-24 14:15:00,0.24106666
2007-07-24 14:30:00,0.14013334
2007-07-24 14:45:00,0.2052
2007-07-24 15:00:00,0.1848
2007-07-24 15:15:00,0.2156
2007-07-24 15:30:00,0.13253334
2007-07-24 15:45:00,0.25626665
2007-07-24 16:00:00,0.1528
2007-07-24 16:15:00,0.17106667
2007-07-24 16:30:00,0.236
2007-07-24 16:45:00,0.1488
2007-07-24 17:00:00,0.19733334
2007-07-24 17:15:00,0.18533334
2007-07-24 17:30:00,0.2224
2007-07-24 17:45:00,0.3176
2007-07-24 18:00:00,0.49493334
2007-07-24 18:15:00,0.27026668
2007-07-24 18:30:00,0.2524
2007-07-24 18:45:00,0.39573333
2007-07-24 19:00:00,1.4158666
2007-07-24 19:15:00,1.4429333
2007-07-24 19:30:00,1.3733333
2007-07-24 19:45:00,1.5278667
2007-07-24 20:00:00,0.7010667
2007-07-24 20:15:00,0.27
2007-07-24 20:30:00,0.24133334
2007-07-24 20:45:00,0.39853334
2007-07-24 21:00:00,1.6273333
2007-07-24 21:15:00,0.33546668
2007-07-24 21:30:00,0.73653334
2007-07-24 21:45:00,0.1944
2007-07-24 22:00:00,0.3316
2007-07-24 22:15:00,0.21773334
2007-07-24 22:30:00,0.25453332
2007-07-24 22:45:00,1.8861333
2007-07-24 23:00:00,1.4609333
2007-07-24 23:15:00,1.1824
2007-07-24 23:30:00,1.1944001
2007-07-24 23:45:00,1.1801333
2007-07-25 00:00:00,0.37346667
2007-07-25 00:15:00,0.27946666
2007-07-25 00:30:00,0.13893333
2007-07-25 00:45:00,0.24413334
2007-07-25 01:00:00,0.2604
2007-07-25 01:15:00,0.22306667
2007-07-25 01:30:00,0.2232
2007-07-25 01:45:00,0.1884
2007-07-25 02:00:00,0.20453334
2007-07-25 02:15:00,0.78693336
2007-07-25 02:30:00,1.2490667
2007-07-25 02:45:00,1.1638666
2007-07-25 03:00:00,0.34813333
2007-07-25 03:15:00,0.15426667
2007-07-25 03:30:00,0.198
2007-07-25 03:45:00,0.22760001
2007-07-25 04:00:00,0.17506666
2007-07-25 04:15:00,0.20853333
2007-07-25 04:30:00,0.19866666
2007-07-25 04:45:00,0.21440001
2007-07-25 05:00:00,0.15893333
2007-07-25 05:15:00,0.26173332
2007-07-25 05:30:00,0.14066666
2007-07-25 05:45:00,0.2384
2007-07-25 06:00:00,0.186
2007-07-25 06:15:00,0.18973333
2007-07-25 06:30:00,0.2124
2007-07-25 06:45:00,1.1362667
2007-07-25 07:00:00,0.9172
2007-07-25 07:15:00,0.442
2007-07-25 07:30:00,0.4568
2007-07-25 07:45:00,1.3014667
2007-07-25 08:00:00,1.3054667
2007-07-25 08:15:00,1.1313334
2007-07-25 08:30:00,1.1170666
2007-07-25 08:45:00,0.20906667
2007-07-25 09:00:00,0.17253333
2007-07-25 09:15:00,0.1808
2007-07-25 09:30:00,0.1984
2007-07-25 09:45:00,0.19226667
2007-07-25 10:00:00,0.1372
2007-07-25 10:15:00,0.2592
2007-07-25 10:30:00,0.1224
2007-07-25 10:45:00,0.2184
2007-07-25 11:00:00,0.1804
2007-07-25 11:15:00,0.17986667
2007-07-25 11:30:00,0.18053333
2007-07-25 11:45:00,0.19626667
2007-07-25 12:00:00,0.18293333
2007-07-25 12:15:00,0.16066666
2007-07-25 12:30:00,0.24
2007-07-25 12:45:00,0.124
2007-07-25 13:00:00,0.24146667
2007-07-25 13:15:00,0.15906666
2007-07-25 13:30:00,0.19146666
2007-07-25 13:45:00,0.18413334
2007-07-25 14:00:00,0.1956
2007-07-25 14:15:00,0.17266667
2007-07-25 14:30:00,0.1884
2007-07-25 14:45:00,0.2136
2007-07-25 15:00:00,0.12746666
2007-07-25 15:15:00,0.2564
2007-07-25 15:30:00,0.142
2007-07-25 15:45:00,0.20226666
2007-07-25 16:00:00,0.18093334
2007-07-25 16:15:00,0.1992
2007-07-25 16:30:00,0.1596
2007-07-25 16:45:00,0.2052
2007-07-25 17:00:00,0.19853334
2007-07-25 17:15:00,0.13626666
2007-07-25 17:30:00,0.48133335
2007-07-25 17:45:00,1.1594667
2007-07-25 18:00:00,1.2881334
2007-07-25 18:15:00,0.74666667
2007-07-25 18:30:00,0.21533333
2007-07-25 18:45:00,0.1596
2007-07-25 19:00:00,0.21026666
2007-07-25 19:15:00,0.20253333
2007-07-25 19:30:00,0.13906667
2007-07-25 19:45:00,0.2564
2007-07-25 20:00:00,0.14573334
2007-07-25 20:15:00,0.2152
2007-07-25 20:30:00,0.18186666
2007-07-25 20:45:00,0.20853333
2007-07-25 21:00:00,0.162
2007-07-25 21:15:00,0.21013333
2007-07-25 21:30:00,0.20279999
2007-07-25 21:45:00,0.14026667
2007-07-25 22:00:00,0.25053334
2007-07-25 22:15:00,0.14546667
2007-07-25 22:30:00,0.2168
2007-07-25 22:45:00,0.8264
2007-07-25 23:00:00,0.39066666
2007-07-25 23:15:00,0.19
2007-07-25 23:30:00,0.21346667
2007-07-25 23:45:00,0.20053333
2007-07-26 00:00:00,0.1444
2007-07-26 00:15:00,0.2452
2007-07-26 00:30:00,0.14226666
2007-07-26 00:45:00,0.2148
2007-07-26 01:00:00,0.17106667
2007-07-26 01:15:00,0.20973334
2007-07-26 01:30:00,0.15426667
2007-07-26 01:45:00,0.9028
2007-07-26 02:00:00,1.202
2007-07-26 02:15:00,1.1557333
2007-07-26 02:30:00,0.5184
2007-07-26 02:45:00,0.14693333
2007-07-26 03:00:00,0.21893333
2007-07-26 03:15:00,0.16026667
2007-07-26 03:30:00,0.22253333
2007-07-26 03:45:00,0.14533333
2007-07-26 04:00:00,0.2116
2007-07-26 04:15:00,0.19306667
2007-07-26 04:30:00,0.15693334
2007-07-26 04:45:00,0.21853334
2007-07-26 05:00:00,0.16239999
2007-07-26 05:15:00,0.20586666
2007-07-26 05:30:00,0.1548
2007-07-26 05:45:00,0.23719999
2007-07-26 06:00:00,0.13213333
2007-07-26 06:15:00,0.22066666
2007-07-26 06:30:00,0.18226667
2007-07-26 06:45:00,1.0049334
2007-07-26 07:00:00,0.5710667
2007-07-26 07:15:00,0.22013333
2007-07-26 07:30:00,0.4644
2007-07-26 07:45:00,1.4494667
2007-07-26 08:00:00,1.3134667
2007-07-26 08:15:00,2.4710667
2007-07-26 08:30:00,1.5857333
2007-07-26 08:45:00,1.3004
2007-07-26 09:00:00,1.2522666
2007-07-26 09:15:00,1.2529334
2007-07-26 09:30:00,1.7606666
2007-07-26 09:45:00,2.1125333
2007-07-26 10:00:00,0.1472
2007-07-26 10:15:00,0.25226668
2007-07-26 10:30:00,0.1364
2007-07-26 10:45:00,0.20253333
2007-07-26 11:00:00,0.1804
2007-07-26 11:15:00,0.204
2007-07-26 11:30:00,0.1264
2007-07-26 11:45:00,0.25653332
2007-07-26 12:00:00,0.1432
2007-07-26 12:15:00,0.1868
2007-07-26 12:30:00,0.20066667
2007-07-26 12:45:00,0.1872
2007-07-26 13:00:00,0.16533333
2007-07-26 13:15:00,0.20746666
2007-07-26 13:30:00,0.1924
2007-07-26 13:45:00,0.15453333
2007-07-26 14:00:00,0.2216
2007-07-26 14:15:00,0.16906667
2007-07-26 14:30:00,0.19906667
2007-07-26 14:45:00,0.16226667
2007-07-26 15:00:00,0.23826666
2007-07-26 15:15:00,0.124
2007-07-26 15:30:00,0.23306666
2007-07-26 15:45:00,0.1724
2007-07-26 16:00:00,0.20026667
2007-07-26 16:15:00,0.16426666
2007-07-26 16:30:00,0.2336
2007-07-26 16:45:00,0.158
2007-07-26 17:00:00,0.19066668
2007-07-26 17:15:00,0.21933334
2007-07-26 17:30:00,0.17906667
2007-07-26 17:45:00,0.2592
2007-07-26 18:00:00,0.39733332
2007-07-26 18:15:00,0.37013334
2007-07-26 18:30:00,0.34440002
2007-07-26 18:45:00,2.7810667
2007-07-26 19:00:00,1.4746666
2007-07-26 19:15:00,2.0353334
2007-07-26 19:30:00,3.9042666
2007-07-26 19:45:00,2.478
2007-07-26 20:00:00,2.0933332
2007-07-26 20:15:00,1.5417334
2007-07-26 20:30:00,1.4072
2007-07-26 20:45:00,1.9857333
2007-07-26 21:00:00,1.8846667
2007-07-26 21:15:00,2.5742667
2007-07-26 21:30:00,1.8893334
2007-07-26 21:45:00,1.3744
2007-07-26 22:00:00,0.8316
2007-07-26 22:15:00,0.17053333
2007-07-26 22:30:00,0.20333333
2007-07-26 22:45:00,0.19813333
2007-07-26 23:00:00,0.29853332
2007-07-26 23:15:00,0.1544
2007-07-26 23:30:00,0.24706666
2007-07-26 23:45:00,0.1372
2007-07-27 00:00:00,0.24786666
2007-07-27 00:15:00,0.15586667
2007-07-27 00:30:00,0.2092
2007-07-27 00:45:00,0.1612
2007-07-27 01:00:00,0.22706667
2007-07-27 01:15:00,0.8242667
2007-07-27 01:30:00,1.2534666
2007-07-27 01:45:00,0.8810667
2007-07-27 02:00:00,0.1812
2007-07-27 02:15:00,0.19573334
2007-07-27 02:30:00,0.1872
2007-07-27 02:45:00,0.1664
2007-07-27 03:00:00,0.20786667
2007-07-27 03:15:00,0.1872
2007-07-27 03:30:00,0.15506667
2007-07-27 03:45:00,0.2308
2007-07-27 04:00:00,0.15613334
2007-07-27 04:15:00,0.19453333
2007-07-27 04:30:00,0.1828
2007-07-27 04:45:00,0.21146667
2007-07-27 05:00:00,0.122
2007-07-27 05:15:00,0.24293333
2007-07-27 05:30:00,0.12133333
2007-07-27 05:45:00,0.196
2007-07-27 06:00:00,0.17213333
2007-07-27 06:15:00,0.19293334
2007-07-27 06:30:00,0.13586667
2007-07-27 06:45:00,0.21786666
2007-07-27 07:00:00,2.3957334
2007-07-27 07:15:00,1.834
2007-07-27 07:30:00,1.8665333
2007-07-27 07:45:00,1.7310667
2007-07-27 08:00:00,1.3546667
2007-07-27 08:15:00,2.6488
2007-07-27 08:30:00,1.2356
2007-07-27 08:45:00,1.2214667
2007-07-27 09:00:00,1.3037333
2007-07-27 09:15:00,1.1897334
2007-07-27 09:30:00,2.9758666
2007-07-27 09:45:00,1.0928
2007-07-27 10:00:00,0.2008
2007-07-27 10:15:00,0.1608
2007-07-27 10:30:00,0.2248
2007-07-27 10:45:00,0.1292
2007-07-27 11:00:00,0.23626667
2007-07-27 11:15:00,0.15546666
2007-07-27 11:30:00,0.17986667
2007-07-27 11:45:00,0.20053333
2007-07-27 12:00:00,0.1804
2007-07-27 12:15:00,0.15813333
2007-07-27 12:30:00,0.2188
2007-07-27 12:45:00,0.17053333
2007-07-27 13:00:00,0.15186667
2007-07-27 13:15:00,0.23586667
2007-07-27 13:30:00,0.1432
2007-07-27 13:45:00,0.1888
2007-07-27 14:00:00,0.2792
2007-07-27 14:15:00,0.8148
2007-07-27 14:30:00,0.496
2007-07-27 14:45:00,0.28440002
2007-07-27 15:00:00,1.2641333
2007-07-27 15:15:00,1.2631999
2007-07-27 15:30:00,1.7846667
2007-07-27 15:45:00,1.194
2007-07-27 16:00:00,1.1776
2007-07-27 16:15:00,1.3161334
2007-07-27 16:30:00,1.2692
2007-07-27 16:45:00,1.5229334
2007-07-27 17:00:00,1.832
2007-07-27 17:15:00,1.7405334
2007-07-27 17:30:00,0.94879997
2007-07-27 17:45:00,0.74986666
2007-07-27 18:00:00,0.7797333
2007-07-27 18:15:00,0.7304
2007-07-27 18:30:00,0.82986665
2007-07-27 18:45:00,0.46773332
2007-07-27 19:00:00,0.45160002
2007-07-27 19:15:00,0.7248
2007-07-27 19:30:00,1.1133333
2007-07-27 19:45:00,0.74053335
2007-07-27 20:00:00,0.6541333
2007-07-27 20:15:00,1.4313333
2007-07-27 20:30:00,1.7882667
2007-07-27 20:45:00,1.6097333
2007-07-27 21:00:00,1.1530666
2007-07-27 21:15:00,1.6369333
2007-07-27 21:30:00,2.968
2007-07-27 21:45:00,1.4754666
2007-07-27 22:00:00,2.1178668
2007-07-27 22:15:00,2.6130667
2007-07-27 22:30:00,2.006
2007-07-27 22:45:00,2.2594666
2007-07-27 23:00:00,0.9684
2007-07-27 23:15:00,0.46493334
2007-07-27 23:30:00,0.52746665
2007-07-27 23:45:00,1.3152
2007-07-28 00:00:00,1.1881334
2007-07-28 00:15:00,0.20386668
2007-07-28 00:30:00,0.21706668
2007-07-28 00:45:00,0.17786667
2007-07-28 01:00:00,0.22146666
2007-07-28 01:15:00,0.18653333
2007-07-28 01:30:00,0.204
2007-07-28 01:45:00,0.18013334
2007-07-28 02:00:00,0.20733333
2007-07-28 02:15:00,0.22093333
2007-07-28 02:30:00,0.15066667
2007-07-28 02:45:00,0.23466668
2007-07-28 03:00:00,0.17986667
2007-07-28 03:15:00,0.22746667
2007-07-28 03:30:00,0.248
2007-07-28 03:45:00,0.13373333
2007-07-28 04:00:00,0.24186666
2007-07-28 04:15:00,0.1908
2007-07-28 04:30:00,0.14186667
2007-07-28 04:45:00,0.28413334
2007-07-28 05:00:00,0.12986667
2007-07-28 05:15:00,0.20013334
2007-07-28 05:30:00,0.2268
2007-07-28 05:45:00,0.15
2007-07-28 06:00:00,0.238
2007-07-28 06:15:00,0.1688
2007-07-28 06:30:00,0.19946668
2007-07-28 06:45:00,0.20013334
2007-07-28 07:00:00,0.18093333
2007-07-28 07:15:00,0.20733333
2007-07-28 07:30:00,0.97733337
2007-07-28 07:45:00,0.29506665
2007-07-28 08:00:00,0.1868
2007-07-28 08:15:00,0.27826667
2007-07-28 08:30:00,1.2521334
2007-07-28 08:45:00,1.5496
2007-07-28 09:00:00,1.2530667
2007-07-28 09:15:00,0.7964
2007-07-28 09:30:00,0.2148
2007-07-28 09:45:00,0.35653332
2007-07-28 10:00:00,1.1941333
2007-07-28 10:15:00,0.72866666
2007-07-28 10:30:00,0.4032
2007-07-28 10:45:00,2.6774666
2007-07-28 11:00:00,2.7830667
2007-07-28 11:15:00,2.3553333
2007-07-28 11:30:00,1.1876
2007-07-28 11:45:00,0.38186666
2007-07-28 12:00:00,0.6292
2007-07-28 12:15:00,3.3258667
2007-07-28 12:30:00,2.7557333
2007-07-28 12:45:00,1.9786667
2007-07-28 13:00:00,1.1837333
2007-07-28 13:15:00,1.7358667
2007-07-28 13:30:00,3.0825334
2007-07-28 13:45:00,4.8058667
2007-07-28 14:00:00,3.6548
2007-07-28 14:15:00,1.2574667
2007-07-28 14:30:00,0.71066666
2007-07-28 14:45:00,0.84493333
2007-07-28 15:00:00,3.6777332
2007-07-28 15:15:00,2.9529333
2007-07-28 15:30:00,0.90306664
2007-07-28 15:45:00,0.17293334
2007-07-28 16:00:00,0.37413335
2007-07-28 16:15:00,1.7362666
2007-07-28 16:30:00,2.2290666
2007-07-28 16:45:00,1.6301334
2007-07-28 17:00:00,1.5318667
2007-07-28 17:15:00,1.3949333
2007-07-28 17:30:00,2.9476
2007-07-28 17:45:00,2.3152
2007-07-28 18:00:00,2.7082667
2007-07-28 18:15:00,0.42666668
2007-07-28 18:30:00,0.3392
2007-07-28 18:45:00,0.90680003
2007-07-28 19:00:00,3.3888
2007-07-28 19:15:00,3.6242666
2007-07-28 19:30:00,2.9032
2007-07-28 19:45:00,2.04
2007-07-28 20:00:00,1.8428
2007-07-28 20:15:00,2.3894668
2007-07-28 20:30:00,2.3345332
2007-07-28 20:45:00,2.4457333
2007-07-28 21:00:00,1.6921333
2007-07-28 21:15:00,1.4101334
2007-07-28 21:30:00,1.2337333
2007-07-28 21:45:00,1.1802666
2007-07-28 22:00:00,1.1157334
2007-07-28 22:15:00,1.2730666
2007-07-28 22:30:00,0.3128
2007-07-28 22:45:00,0.15453333
2007-07-28 23:00:00,0.25093335
2007-07-28 23:15:00,0.105066665
2007-07-28 23:30:00,0.1988
2007-07-28 23:45:00,0.2028
2007-07-29 00:00:00,0.13346666
2007-07-29 00:15:00,0.21453333
2007-07-29 00:30:00,0.15013334
2007-07-29 00:45:00,0.17986667
2007-07-29 01:00:00,0.18146667
2007-07-29 01:15:00,0.16253333
2007-07-29 01:30:00,0.19413334
2007-07-29 01:45:00,0.1532
2007-07-29 02:00:00,0.19346666
2007-07-29 02:15:00,0.1508
2007-07-29 02:30:00,0.1848
2007-07-29 02:45:00,0.19853333
2007-07-29 03:00:00,0.11693334
2007-07-29 03:15:00,0.22413334
2007-07-29 03:30:00,0.156
2007-07-29 03:45:00,0.142
2007-07-29 04:00:00,0.2396
2007-07-29 04:15:00,0.11093333
2007-07-29 04:30:00,0.20213333
2007-07-29 04:45:00,0.18346666
2007-07-29 05:00:00,0.12133333
2007-07-29 05:15:00,0.2428
2007-07-29 05:30:00,0.12506667
2007-07-29 05:45:00,0.1736
2007-07-29 06:00:00,0.19986667
2007-07-29 06:15:00,0.14373334
2007-07-29 06:30:00,0.18653333
2007-07-29 06:45:00,0.16573334
2007-07-29 07:00:00,0.18626666
2007-07-29 07:15:00,0.45733333
2007-07-29 07:30:00,1.2212
2007-07-29 07:45:00,1.0669333
2007-07-29 08:00:00,0.11986667
2007-07-29 08:15:00,0.23106667
2007-07-29 08:30:00,0.1296
2007-07-29 08:45:00,0.17373334
2007-07-29 09:00:00,0.20453334
2007-07-29 09:15:00,0.10293333
2007-07-29 09:30:00,0.23586667
2007-07-29 09:45:00,0.14493333
2007-07-29 10:00:00,0.156
2007-07-29 10:15:00,0.20386668
2007-07-29 10:30:00,0.12893334
2007-07-29 10:45:00,0.19613333
2007-07-29 11:00:00,0.15893334
2007-07-29 11:15:00,0.17333333
2007-07-29 11:30:00,0.1468
2007-07-29 11:45:00,0.17933333
2007-07-29 12:00:00,0.18853334
2007-07-29 12:15:00,0.09933333
2007-07-29 12:30:00,0.23493333
2007-07-29 12:45:00,0.13586667
2007-07-29 13:00:00,0.1348
2007-07-29 13:15:00,0.2348
2007-07-29 13:30:00,0.1
2007-07-29 13:45:00,0.19786666
2007-07-29 14:00:00,0.17826667
2007-07-29 14:15:00,0.14693333
2007-07-29 14:30:00,0.18253334
2007-07-29 14:45:00,0.14906667
2007-07-29 15:00:00,0.19746667
2007-07-29 15:15:00,0.1372
2007-07-29 15:30:00,0.19693333
2007-07-29 15:45:00,0.15720001
2007-07-29 16:00:00,0.14373334
2007-07-29 16:15:00,0.22773333
2007-07-29 16:30:00,0.10746667
2007-07-29 16:45:00,0.20426667
2007-07-29 17:00:00,0.17213333
2007-07-29 17:15:00,0.1268
2007-07-29 17:30:00,0.22546667
2007-07-29 17:45:00,0.12453333
2007-07-29 18:00:00,0.18173334
2007-07-29 18:15:00,0.17586666
2007-07-29 18:30:00,0.8125333
2007-07-29 18:45:00,1.1746666
2007-07-29 19:00:00,1.1438667
2007-07-29 19:15:00,0.48479998
2007-07-29 19:30:00,0.12106667
2007-07-29 19:45:00,0.19853333
2007-07-29 20:00:00,0.17266667
2007-07-29 20:15:00,0.105066665
2007-07-29 20:30:00,0.2512
2007-07-29 20:45:00,0.11773334
2007-07-29 21:00:00,0.16333333
2007-07-29 21:15:00,0.204
2007-07-29 21:30:00,0.12853333
2007-07-29 21:45:00,0.1876
2007-07-29 22:00:00,0.15746666
2007-07-29 22:15:00,0.1776
2007-07-29 22:30:00,0.1372
2007-07-29 22:45:00,0.19706666
2007-07-29 23:00:00,0.17946666
2007-07-29 23:15:00,0.104
2007-07-29 23:30:00,0.25373334
2007-07-29 23:45:00,0.12573333
2007-07-30 00:00:00,0.1544
2007-07-30 00:15:00,0.22346666
2007-07-30 00:30:00,0.11253333
2007-07-30 00:45:00,0.19680001
2007-07-30 01:00:00,0.164
2007-07-30 01:15:00,0.16733333
2007-07-30 01:30:00,0.14333333
2007-07-30 01:45:00,0.18986666
2007-07-30 02:00:00,0.18093333
2007-07-30 02:15:00,0.106133334
2007-07-30 02:30:00,0.244
2007-07-30 02:45:00,0.12533334
2007-07-30 03:00:00,0.1576
2007-07-30 03:15:00,0.2132
2007-07-30 03:30:00,0.114933334
2007-07-30 03:45:00,0.20573333
2007-07-30 04:00:00,0.15613334
2007-07-30 04:15:00,0.17186667
2007-07-30 04:30:00,0.14919999
2007-07-30 04:45:00,0.18186668
2007-07-30 05:00:00,0.1776
2007-07-30 05:15:00,0.1172
2007-07-30 05:30:00,0.22986667
2007-07-30 05:45:00,0.11986667
2007-07-30 06:00:00,0.17306666
2007-07-30 06:15:00,1.1397333
2007-07-30 06:30:00,1.1506667
2007-07-30 06:45:00,1.2368
2007-07-30 07:00:00,0.7141333
2007-07-30 07:15:00,0.1776
2007-07-30 07:30:00,0.15053333
2007-07-30 07:45:00,0.17533334
2007-07-30 08:00:00,0.1636
2007-07-30 08:15:00,0.12613334
2007-07-30 08:30:00,0.23026668
2007-07-30 08:45:00,0.10333333
2007-07-30 09:00:00,0.19253333
2007-07-30 09:15:00,0.17106667
2007-07-30 09:30:00,0.13493334
2007-07-30 09:45:00,0.19653334
2007-07-30 10:00:00,0.13453333
2007-07-30 10:15:00,0.19240001
2007-07-30 10:30:00,0.13693333
2007-07-30 10:45:00,0.2076
2007-07-30 11:00:00,0.264
2007-07-30 11:15:00,0.42613333
2007-07-30 11:30:00,0.2516
2007-07-30 11:45:00,0.1
2007-07-30 12:00:00,0.18013333
2007-07-30 12:15:00,0.17946666
2007-07-30 12:30:00,0.14786667
2007-07-30 12:45:00,0.15493333
2007-07-30 13:00:00,0.16653334
2007-07-30 13:15:00,0.19026667
2007-07-30 13:30:00,0.103199996
2007-07-30 13:45:00,0.224
2007-07-30 14:00:00,0.12853333
2007-07-30 14:15:00,0.14773333
2007-07-30 14:30:00,0.21213333
2007-07-30 14:45:00,0.104266666
2007-07-30 15:00:00,0.20413333
2007-07-30 15:15:00,0.1524
2007-07-30 15:30:00,0.1672
2007-07-30 15:45:00,0.14586666
2007-07-30 16:00:00,0.17826667
2007-07-30 16:15:00,0.16906667
2007-07-30 16:30:00,0.11466667
2007-07-30 16:45:00,0.23853333
2007-07-30 17:00:00,0.16
2007-07-30 17:15:00,0.23946667
2007-07-30 17:30:00,0.17826666
2007-07-30 17:45:00,0.194
2007-07-30 18:00:00,0.60786664
2007-07-30 18:15:00,1.204
2007-07-30 18:30:00,1.2790667
2007-07-30 18:45:00,1.6748
2007-07-30 19:00:00,1.0956
2007-07-30 19:15:00,0.66026664
2007-07-30 19:30:00,0.8710667
2007-07-30 19:45:00,0.36853334
2007-07-30 20:00:00,0.39133334
2007-07-30 20:15:00,0.16093333
2007-07-30 20:30:00,0.35613334
2007-07-30 20:45:00,0.23813334
2007-07-30 21:00:00,0.20773333
2007-07-30 21:15:00,0.29013333
2007-07-30 21:30:00,0.18933333
2007-07-30 21:45:00,0.25933334
2007-07-30 22:00:00,0.24973333
2007-07-30 22:15:00,0.4124
2007-07-30 22:30:00,0.63813335
2007-07-30 22:45:00,0.40333334
2007-07-30 23:00:00,0.15946667
2007-07-30 23:15:00,0.96533334
2007-07-30 23:30:00,1.1666667
2007-07-30 23:45:00,1.2381333
2007-07-31 00:00:00,0.57133335
2007-07-31 00:15:00,0.17333333
2007-07-31 00:30:00,0.14813334
2007-07-31 00:45:00,0.18413334
2007-07-31 01:00:00,0.18800001
2007-07-31 01:15:00,0.10186666
2007-07-31 01:30:00,0.2348
2007-07-31 01:45:00,0.13693333
2007-07-31 02:00:00,0.13813333
2007-07-31 02:15:00,0.23453334
2007-07-31 02:30:00,0.1024
2007-07-31 02:45:00,0.1952
2007-07-31 03:00:00,0.17533334
2007-07-31 03:15:00,0.14986667
2007-07-31 03:30:00,0.17093334
2007-07-31 03:45:00,0.1568
2007-07-31 04:00:00,0.1984
2007-07-31 04:15:00,0.123333335
2007-07-31 04:30:00,0.20506667
2007-07-31 04:45:00,0.14733334
2007-07-31 05:00:00,0.14613333
2007-07-31 05:15:00,0.22
2007-07-31 05:30:00,0.101733334
2007-07-31 05:45:00,0.20826668
2007-07-31 06:00:00,0.15813333
2007-07-31 06:15:00,0.1428
2007-07-31 06:30:00,0.19733334
2007-07-31 06:45:00,0.12693334
2007-07-31 07:00:00,0.19773333
2007-07-31 07:15:00,0.14413333
2007-07-31 07:30:00,0.17813334
2007-07-31 07:45:00,0.14626667
2007-07-31 08:00:00,0.15773334
2007-07-31 08:15:00,0.2028
2007-07-31 08:30:00,0.09973334
2007-07-31 08:45:00,0.22146666
2007-07-31 09:00:00,0.14306666
2007-07-31 09:15:00,0.1372
2007-07-31 09:30:00,0.21773334
2007-07-31 09:45:00,0.11093333
2007-07-31 10:00:00,0.29653335
2007-07-31 10:15:00,1.1584
2007-07-31 10:30:00,1.1529334
2007-07-31 10:45:00,1.1437334
2007-07-31 11:00:00,0.2944
2007-07-31 11:15:00,0.1968
2007-07-31 11:30:00,0.09906667
2007-07-31 11:45:00,0.3856
2007-07-31 12:00:00,2.4162667
2007-07-31 12:15:00,2.1198666
2007-07-31 12:30:00,2.3361332
2007-07-31 12:45:00,1.4929333
2007-07-31 13:00:00,1.6442666
2007-07-31 13:15:00,1.0769334
2007-07-31 13:30:00,1.7428
2007-07-31 13:45:00,0.27333334
2007-07-31 14:00:00,0.15133333
2007-07-31 14:15:00,0.34866667
2007-07-31 14:30:00,0.44933334
2007-07-31 14:45:00,0.117866665
2007-07-31 15:00:00,0.32453334
2007-07-31 15:15:00,0.43653333
2007-07-31 15:30:00,0.45093334
2007-07-31 15:45:00,0.21626666
2007-07-31 16:00:00,0.20146666
2007-07-31 16:15:00,0.8214666
2007-07-31 16:30:00,1.1574667
2007-07-31 16:45:00,1.2712
2007-07-31 17:00:00,0.71026665
2007-07-31 17:15:00,0.16546667
2007-07-31 17:30:00,0.2928
2007-07-31 17:45:00,0.14
2007-07-31 18:00:00,0.2488
2007-07-31 18:15:00,0.69413334
2007-07-31 18:30:00,0.4092
2007-07-31 18:45:00,0.29693332
2007-07-31 19:00:00,0.20213333
2007-07-31 19:15:00,0.8146667
2007-07-31 19:30:00,1.2602667
2007-07-31 19:45:00,1.3510667
2007-07-31 20:00:00,2.9881334
2007-07-31 20:15:00,1.4798666
2007-07-31 20:30:00,1.6722667
2007-07-31 20:45:00,1.544
2007-07-31 21:00:00,1.144
2007-07-31 21:15:00,1.1577333
2007-07-31 21:30:00,1.5049334
2007-07-31 21:45:00,1.1042666
2007-07-31 22:00:00,1.2170666
2007-07-31 22:15:00,1.0532
2007-07-31 22:30:00,0.5277333
2007-07-31 22:45:00,0.52466667
2007-07-31 23:00:00,0.3336
2007-07-31 23:15:00,0.15386666
2007-07-31 23:30:00,0.22146668
2007-07-31 23:45:00,0.17173333
2007-08-01 00:00:00,0.102
